PM2.5,PM10,NO2,SO2,CO,O3,AQI
118.61663446573512,90.35051295867547,29.86203995491107,54.470833548294046,1.758788047022419,65.1089728388419,148.64685284347
285.7071488588757,225.9223600037761,28.462985911839983,64.14114898092704,2.4357537549699604,76.280992312503,287.7345125264253
222.27824312530748,351.71941763303516,91.09418514949849,21.53649610581492,2.304466696391461,129.63663504830524,323.25568278156794
183.6109604171406,298.24545683563326,28.70688898570308,50.740179769345914,0.5463097236119436,57.6006140483849,234.80540946857982
55.245405728306594,326.4932361873509,30.835223982219944,46.596186685212395,0.5328234622502743,131.750955873704,188.2790860710153
55.23841089749877,270.33767935007256,77.14283492970655,66.96076938948515,0.8777056664602486,22.33882033673681,200.93618384312035
26.844247528777842,283.0650945167839,47.7252850328013,72.67479071753831,1.147116706389008,118.7517812092083,187.9366826284067
261.19108227473123,342.69434759482135,78.78750291074222,2.9482281752361708,1.2845211860845995,128.6566686276631,308.0454523584511
184.32335340553055,114.87384336649066,11.209784968616598,54.573553686585825,2.071121928816701,35.45447139722742,185.5505772127195
215.34104756085318,205.9814861843934,51.31926339897151,6.043192331338863,0.26437325328092265,70.24851453210806,204.71737100062273
15.969503345782709,104.05958789144884,8.19329201741185,44.810975876033766,0.20055084225559253,33.16996845291179,74.58558749219739
291.2738571269783,395.31384303872585,10.95205432825868,24.435352865406898,1.2365406325373363,108.92457805919048,298.3733587998538
251.4083658321223,378.742549080913,91.11155806771905,25.928574762727013,2.121774707200143,84.94868752863195,346.6770824759323
71.57834209670008,34.98218832003224,18.22831025617154,29.530763269283813,0.6609624945737994,98.94526853916494,91.68090967905438
62.729240490059176,288.1185655559616,55.579964816145626,50.46081102586959,1.9603629956431299,37.50817537386956,208.399182111956
63.18730785749581,371.594360617953,44.05408224706712,28.055897322164,0.8535016000268684,39.64442068733874,187.0837744837632
98.23025045826594,88.61863114838674,37.997615994590056,59.150525946041874,2.6696497155591974,15.809625571386892,152.77558332927939
162.17936517334897,235.8191876099992,90.48416784029088,33.55313607476184,2.697500838373188,55.08945492740216,259.14310758590614
135.26405540621357,367.8855530834559,7.073222693671503,7.331549624176772,0.9621328924158468,88.3642525867145,215.52517588641317
94.45645065743216,32.89947186260356,68.06002018668096,63.13326771376036,0.7669818864933975,130.11088795962604,155.01916543745313
187.43733946949004,285.01970155379917,96.5224712502873,24.28914931823107,1.2927815189920706,103.3698426442153,268.2454296838266
50.45321958909213,132.9926228015693,58.215977428874986,35.755816608742485,0.7975415970224312,70.9554852759652,134.97193800328964
94.72194807521326,371.27055424308156,93.99813389314373,55.464622891308316,2.0499131455459403,143.4368160151793,287.4896309623319
116.24493455517059,389.00213316283975,9.964498532172257,27.93158025759954,2.495587585190028,110.69432808061646,245.6654969700852
142.26029542294043,378.8212658631049,44.785365312045336,6.413681179443818,2.051967179642529,140.223128400757,244.48011462805965
237.70102880397394,200.20140232983624,29.71499014139486,31.16584166699946,2.4906162970231134,83.86231625810319,255.49385061251175
67.90539682592433,347.5762073759391,74.42799167316933,75.66698945015567,1.251277270401675,46.24659847103955,235.28956644106933
159.12798713994738,340.92877144332675,98.22322359723843,52.05528298928754,0.5533192150556965,17.395736091061078,269.8893722403929
181.8002249699923,141.25817983243712,29.37035593220354,54.37537359604214,2.2400577474530174,111.65187920773907,203.13870037447555
23.47061968879934,334.9878801772574,67.14658714003707,51.31800798373591,1.1453760649105063,26.98241972077478,205.0970944278619
186.18800705141712,34.06290119188719,23.819275112175312,17.521386838836072,2.046685393164484,52.388517958075404,155.64376223208353
59.451995869314544,246.58255382318015,58.70637418430294,34.63004139997785,0.8848674317471203,84.54592710374564,184.31862732226548
28.86496196573106,107.40335816932716,49.073586235391936,60.573304272338824,0.33556594093935077,89.01832228916467,116.39066446842043
285.17680580346666,65.81541659536595,97.34050631499602,9.907086009146413,2.978487206914514,94.08164757819904,263.1623136089056
290.03328959162224,49.24221661909948,62.810090906164326,23.672516534997555,0.5529843729987379,33.275746248958086,183.4276466310049
244.43523095377373,284.5897348336931,38.20310534824778,23.55289046033658,2.966420882494095,63.163236675030824,272.4506492921901
98.3379930602775,149.15248623186514,15.83909956435367,35.69747635237147,2.934111804442697,96.40719179637534,185.0203874439373
38.32491306185132,295.41137318092933,19.36844872981878,78.46876179349043,2.402072501333315,145.77464104872988,227.9618623141089
208.4275776885255,44.8354095035981,26.405108345367335,7.265198641338111,2.0123265900377927,111.86835927795642,169.00771838594162
137.64422318448436,139.8103283756319,28.84183282732831,42.458677561686414,1.7756404457281456,139.1645259931541,180.25467238904812
45.39108810498586,225.00669110262814,85.8085254949081,15.990445196952415,2.6116944815957206,116.70968816398478,214.11201244667853
153.60130393226837,320.4748026388061,58.316164886839864,77.71277054196004,0.939374612696515,92.84037564493606,264.28155326404834
19.972671123413335,141.12595111418656,54.722136580564815,10.837673368742207,1.4562755162061434,36.88327167908824,94.59660351293687
273.7029166028468,257.8387230460635,15.90304282757566,33.480878184204116,1.8962309111628557,103.33599126495183,270.0520085272036
85.0461946640049,356.6715443297511,86.71327086819632,59.555028817099284,1.2924523800215242,97.27313923438699,261.4245033024981
202.13146246265478,254.02801150927573,73.66735880480596,56.95524538614073,1.3397107168617772,94.3456838640173,280.7283364193594
100.39621206592918,108.52460040638083,11.428494380500151,34.97283367772672,1.0578255357560449,78.57002151835371,117.68806056703275
160.81972614156513,29.272296991484446,72.24433423682802,29.02888510031202,1.7362722683851546,84.01192455849859,142.05005345184122
168.5459810095511,350.63757208235336,56.636130647551376,33.01376552712391,2.5666661312438364,56.82195379653457,275.7534464920355
63.60779210240284,28.082376123147114,12.763907845943933,22.613548526373865,0.6844322962183073,82.70377696992244,82.55582525273739
291.17954205172197,352.3866356199958,48.538560945222365,18.015969219130383,2.80985581238498,37.65782679498696,293.0916149520937
234.78851877472323,220.99611093034056,51.046147277354464,39.67709640959342,2.098354195869866,122.72441563045275,256.9156779656733
282.45469305361485,376.84572543490054,20.748581315511196,22.94563297327337,2.4874923167720877,36.00877365781909,322.02387704820364
269.49993162401813,323.53762959399285,94.84132396502682,24.422009861985508,1.7129530086270337,21.8952805845253,300.99430594258655
183.3909938552147,399.21496200266824,85.74766029066288,53.22697295101545,2.360598434129784,71.07444369000203,328.11642380650113
277.3435281567039,153.27048987164986,68.55712204626529,77.54591187259159,0.1469811522844549,102.16304153084866,252.95651470498422
35.66282559505665,311.5315497938282,48.91807829505768,49.08370164363126,2.473303231860652,71.2803554906958,192.06988356253873
66.8350301015521,172.73374717151202,44.11772645052831,8.004398431067369,0.2164026913475629,48.7455784731832,120.31954487481615
23.11591378405604,202.35273571548535,66.84247937934065,7.895521880617224,2.6807487914523014,88.1439657446617,169.18941421403682
104.34579592134666,258.45207602298063,56.81602759365602,76.21101122595414,2.9766919669920657,58.58032695770799,243.83672585434238
122.71641400994979,351.9973033908087,10.915945058779133,25.188681643972025,0.9527956403126556,140.60147661772862,215.09548605164764
88.69121921442981,393.9517182957321,53.68775163318151,9.181224914433084,0.7099238132288016,139.1703195445001,231.5908704354054
250.3338776540595,311.94389726851693,81.60834363711975,48.72547779772976,2.319553755188318,80.33205479609336,316.40301309782103
113.45846474114089,178.75137722358684,48.62778837171101,50.644604706640756,0.8337763886687343,55.90375916255619,164.55511042294802
91.47100780934042,180.11566086528666,9.9358748676555,52.58337596925767,2.61013091119939,113.19853795392947,189.52983346294045
167.38186411589206,300.28127460377874,79.69642894148315,22.857358172888222,0.3982435172566825,15.13981208762933,205.79156210197633
50.86802524268117,110.73531539195488,24.129559302917567,3.1786333687290527,0.46527006950013894,76.46766084611117,71.40386561965632
242.6371244186715,61.98016298992997,29.568979314363684,77.2711988174488,2.939539509791785,57.08527519784669,234.92783829525203
31.61968666713354,154.75641990349507,20.647103576068112,21.569657563905995,2.054132804983013,138.87502391435766,145.90509114446613
296.19721161415004,129.15081682855106,36.370431162792265,54.7300504680987,2.5559729508439633,11.680423818175555,246.51313900150424
233.95098309603065,132.59708577327623,76.89139304042033,57.11712985053935,1.0405551943194022,87.39408260056888,227.1855791072711
67.62754764491,108.77094539896578,54.34165665287405,49.58057853219989,2.0618028736097527,113.69290134932764,163.66409990274917
11.601413965844696,35.99541206181752,24.463721044317694,26.406776748664562,1.823301299194932,77.90251825336577,83.62336586753813
246.48381425190192,26.792095198697247,88.39385742444388,23.14550779359713,1.8491353483565462,21.95642422278103,187.40959799599807
214.98862971580897,395.334508099692,88.56027622039527,48.618126050810844,2.0793441326593927,146.1445946039063,335.06982740431357
221.4120787318863,182.5537908196277,87.70495037937066,69.55545942171194,1.7685416020743858,82.52146039265371,280.28738816853456
233.66840053892426,166.04412592067905,27.68564008124623,75.84523085602486,1.3442808709777312,95.98607420466159,251.44907901702405
31.472949002886203,278.26596742336653,47.86773769719387,10.260652743493095,0.9001758137035858,43.125369579051025,147.85330241300576
113.95506127783905,102.93647738872438,98.57401733338314,14.076631782622147,2.328885859648286,77.68973191495253,200.68181183996967
43.60202726228762,380.98524990108564,78.34118524944908,75.68942818508022,0.75619004700924,70.08092887416507,222.80424689154722
260.2999935039221,318.8111054779098,7.580905016428183,59.44974781011382,2.107827487847801,20.485417880277723,276.34575426476425
190.7564567799918,53.97618087865862,11.194436169746744,70.8735183367223,0.7766651856830472,24.86244949664541,143.23184138310347
105.96042720726827,178.68069479827278,49.07348079717161,17.805345462556765,1.9134574928679162,127.24615274662844,191.55968964139464
28.431921582946853,354.0649568736226,91.37591955684822,47.831697946533346,2.266526974674184,43.57479330892264,236.56899550214126
100.18487329754204,378.9981684707359,56.176670805507854,56.68888836456294,0.7342702778289636,37.29415800980827,247.50087239305824
104.30316338775664,197.6125742749505,52.29218826325757,55.04872706486387,0.273835572497794,80.68760317501949,171.40541186704593
221.5857917180386,253.09632790006893,15.020001495879905,33.83583188760245,0.47982385468310484,117.62459839075181,227.49147237258052
194.8916666930118,83.47289951498858,67.39410994880794,3.200801551922061,1.857391205085974,18.67251260105831,173.83569924048305
267.2916953471347,396.64407793205106,83.09980025702141,47.46823243073253,2.563394578054633,90.75310874935582,354.5223835286423
146.9423282969653,108.03524652570849,41.139900713218424,21.741920056009484,0.23049078158273067,26.68946199768027,133.69912092411937
44.682331322107494,378.23807417134776,78.6831258379061,37.119831199145445,2.2290386512207743,15.104547115586584,225.11390402905153
216.84098829466856,266.8657266171,96.6252821205771,76.69131917653775,1.0898240732551512,17.384153302710434,282.8001442639152
230.62766409890025,250.93998205396647,24.357813617130464,33.12475477610991,1.4877322727666153,126.78297514918178,245.75622271420065
172.7703872951539,214.82163418627326,54.71631496350042,67.50452531982529,2.7936926945521403,26.516147707928617,249.75771925589154
233.58048218682268,107.6545284527483,32.27810601803468,16.706167248441588,1.0627173637339518,16.32119101772087,173.49854876207726
153.2007229456733,87.08065216209314,80.32116980821473,54.45191884595225,1.4494771084245095,71.30598420000771,206.80644509729376
161.59252052077827,103.78475944666664,59.87136975870996,78.20654244623759,0.1396790028059752,128.15908607188345,207.76061753759612
133.9868953239794,90.84653961481672,65.28532966727886,9.947661868089071,0.3366362880140312,46.73717270850227,128.88449439208154
17.371546755787605,316.24209995536626,80.80184516350994,2.648955493720977,0.8499156142908736,69.03976645362829,186.87124604488784
41.28851382805829,153.04759848335743,42.617194902933214,35.81945782534392,0.18077149838111578,15.589154558925172,99.87577004706564
19.114463849152934,41.98021709409062,91.9335564986691,9.224787678006642,1.9309884455399278,72.87099197888261,129.42996236634593
194.5590192664963,388.2589994535083,55.637742388383295,60.37397927474605,1.3365552347247054,90.86583128919871,302.289825238793
101.16323451213474,355.83863628610175,20.00570816935806,73.33479578018759,1.6896210879112639,89.92698752530028,220.10425238949705
157.4855004377638,372.5458676141809,71.11041622603624,35.85363587128319,0.6064768390993557,56.53973690441112,256.68592056328976
273.194277438567,398.06497260564544,80.35982829163417,22.179508088124393,0.9582028853661867,54.174645292838974,308.5258649816206
82.29474645317373,86.08019470340517,35.09235932141503,35.88345888251556,2.0250909770729026,24.927306651123704,125.51327543336237
129.01104768033264,170.57196718301032,86.43202941488153,58.42892979230008,2.8993778985281593,61.351764890477575,253.11923653512306
229.10983017748413,308.1306207675547,91.08360920274781,2.7062246032689363,0.24620864344640667,23.929253642215052,242.02858509830816
76.35146799257052,284.48783486044107,31.305926300891848,47.97741117980638,2.6821145304802716,117.32343225968722,214.2918341435598
32.324173850349965,78.48044440914492,98.43453990794609,49.83675142121557,1.7729554838025046,145.27840168474603,176.8598645122966
94.02792134499273,330.01658749643474,18.36759516463205,51.73968325788297,1.7353667435913087,145.81042393333897,235.55502691816983
56.75417330366128,105.28741729793106,24.19148849823655,20.877722238508422,1.550807752102505,131.10995391255514,127.3092699329873
279.6123191793462,105.05069363259678,22.50135972761248,57.69611242349389,0.30124284912213184,94.11090090754668,220.71353618486577
244.3549100736809,224.05028069949716,89.9290224507477,9.12853593387856,0.36064287003486595,108.12119761414318,255.82236886970193
193.6870893880228,245.3171752398472,67.15779247087139,17.543086244410464,1.8426448164113498,49.92881237525797,215.97952845579886
262.7235711544381,240.43275897836824,19.44990690611592,70.44266363904958,1.088779857163119,98.30785882416689,254.80913210569008
243.0649023007432,54.76499821114685,46.830724744993155,59.62040575667218,2.760077393075274,73.79093692158284,222.105025395902
64.1053170769504,353.43512779954455,63.45331238163119,3.0721532128849294,1.2791125583424696,77.48242756877055,210.75751262925004
268.8421095620935,120.92801618370831,12.929088073991412,21.373348308844417,0.5155162302376591,116.08871845252212,166.96169225909514
166.4092501555387,69.21567008746558,88.82955499869718,18.723705673466835,2.1726846171559044,49.46856978361523,217.96206722564574
244.15764499757813,357.7242703502113,81.34233586694585,23.122893586883862,0.9507249221789285,54.52554563723278,295.82343132677664
269.866476977813,383.14756932730626,52.994643489780636,21.30966208183114,1.6238638913320902,139.44985075800912,319.07917528486115
102.22100774184052,347.60849456087124,96.87702844962119,6.877051067941967,2.123715077964993,17.871401279136116,253.9813776582349
41.91505811302626,327.6161083954537,44.68729303113447,37.797360294551986,2.7107659224860043,77.98880177786765,240.45770145079317
76.10119713716308,268.99195264282827,98.4904803084673,59.15321103332088,2.397354464924861,137.79211205710064,272.0351641806316
133.86125870161433,229.32580083147295,68.45239988634458,49.32507452796004,2.0614470968309,95.45082109454198,247.57622256196248
247.224282117523,53.054968766335854,65.29377095912443,54.48399015065022,2.070936228945916,86.4969903896985,230.89480288448198
259.6118691443396,175.21222096686552,20.765715053099576,8.329635925826654,2.843181467693051,44.96418509210973,223.2579624427168
12.016117854045305,161.6216364646793,88.78313703894118,76.2162753937894,0.9578898827399545,58.05856846902276,165.89306549613616
158.11671774749405,118.70643782892395,45.61152035245844,67.40236303975594,0.10322507316894348,129.286778212657,179.07132400194797
131.0491909131459,294.8996432016623,20.412173549335538,64.79704484266169,0.8886682222547762,88.29053844758414,209.65338590303276
74.41126503651178,208.4327793299329,6.1977143976971085,66.19273679325786,0.7318850009175575,82.06390712594919,142.99483364435517
44.76095652676801,50.797562044906215,58.17678994564634,74.75141963435539,2.0193202968305948,23.94115989560405,139.74475693347406
107.90839970705211,103.6696167409283,55.10296410165425,44.451809356868424,1.9377636393200341,12.243941903717237,144.22049524280618
283.44381413463054,279.63833019064646,73.33859412507006,17.621997393674818,1.8210380098436991,144.91592641618686,308.2911005552556
103.72885028601901,48.92972660631407,89.57451503669121,50.10912141249821,0.14710598530741573,62.77806342015783,149.36862420778505
160.44928030557617,343.4586273385321,12.543625541087804,59.94475650609924,2.213456357906878,94.4498286939306,258.27701799274854
213.87549807960158,208.15568026531025,74.49216658233442,59.55755668161398,1.0382381962079255,21.1601102462199,237.05526089380422
115.45258468999525,202.62289938412624,22.80413468927031,42.67302388501665,2.02866236811923,105.63600000122652,224.31263567114527
291.8168039890786,245.1149581706167,86.52682004993058,7.339780108019088,1.7140774426562446,140.55933921883454,313.27137961619803
289.10971553321224,333.3787670515567,82.81103381685733,30.94680919754997,1.0939196837409308,90.59313541963876,302.8995385568358
83.0168657893556,152.16749900283335,56.37540672362672,73.81979546014188,0.4902711746019125,27.65614513255748,164.80611530064834
154.2020667087918,277.64613797244414,72.4730658692146,47.58701496107923,0.37381480321539473,91.44101384628674,230.0673784654333
97.25470984686321,234.9781463184006,34.8632607524561,43.98989157394565,2.5114031660254486,117.28860983465133,203.29220226294984
92.6037433694656,121.4707426643801,49.76095039861739,22.970574121811094,2.7633528720365184,66.89831512036261,156.2538128405572
20.69721473281451,353.87939481496005,83.0555052824948,30.739015753493156,1.984385335616469,133.1772847118055,240.36891926805794
186.7736568541701,323.02188821063265,48.63019373145532,71.8369949539472,0.39995893309540176,100.81561347003102,256.0613472604461
155.77691673636983,270.21169717020166,38.99083520591697,53.98411770709318,1.265878928975898,135.89484856048836,249.6062497096934
24.928837862496913,343.2210570558119,51.95018248877849,63.41618808668196,2.213923680304956,97.29074357462721,238.42088186315456
90.80747462861731,349.5717963647249,83.68367898153575,37.4389429992771,2.3614805636291973,28.380316080675392,264.9616231721119
273.3971069303296,289.1779311517132,36.84476450023291,51.159283117580316,0.4428340046441569,53.35683955472648,252.58873269644235
79.47294829342201,338.0650647781954,21.50735134789566,21.373921481970186,0.10008908465160901,38.25129275534397,170.7053212283129
52.01951290645469,285.03915543432777,72.64133193142418,57.025944762111926,2.1651974330537547,137.23570968036074,244.66696893109216
151.94130048049328,278.45349326891414,83.46793020726777,35.35290402886031,1.1341289103599963,116.45600942024757,247.63113210007222
295.8386316920742,255.07232372177003,14.560560459735667,36.51855015555015,0.8379958616929547,104.69577164740085,247.64413382792293
80.19602873833512,306.0323230319037,27.788040711814748,52.647141316996766,0.1374026623896238,52.13528474842703,195.46780703378184
204.91930874770478,80.269940011368,18.48733902729442,75.02988847457628,1.6668682796083492,35.76626808702989,189.08728972500884
230.8696884453281,354.7308884955928,38.054434100305826,6.992495035472432,2.5683371327353473,115.90315231844765,293.1614148665659
78.91488775779591,351.30054054318816,47.7833429960142,66.3299725130666,2.877131774190505,76.38211242307115,249.00374829940912
221.18274109743928,31.113967553132476,76.13850201151412,24.805882612151063,1.7406603567785388,41.61053730108807,178.1324973645732
116.65710848858343,333.8103652146098,66.85902056375903,36.62571745149747,1.5919378504456931,96.32707694313851,242.68420942421247
193.36869087213805,68.97054963990917,63.98821391045096,3.7092396444506983,0.34666351791879924,15.646739299383277,145.37527616408258
193.72361612065947,147.34516461847392,38.475619927917165,25.481594071076415,1.6917311244735393,55.66383557795549,183.3856987406152
165.37465838167995,302.53313739081096,84.9375175430522,41.205236925150174,1.2019393289996445,75.59797924275885,261.5251712553643
36.18403331577841,81.08876049835712,49.772280902825635,6.381734033100243,1.860692314562373,30.71416677531682,89.02264322687795
252.23772372087902,330.82746916524366,98.01496911143968,40.30546689188688,1.2273064088419854,147.85162686271755,315.8844924312065
103.0262188418034,336.21098762394195,65.24350313809501,74.31462905095734,0.7968674580060635,39.273631042546,244.8940507936085
64.09036801595772,212.83773882911777,16.99515044862776,10.220671012408808,0.3753992981622919,28.249438206057174,122.11367694692424
21.824791050881537,22.42663125239676,69.23686839716623,61.626376789889335,1.0132634893077976,38.4948823441655,106.79237638389745
181.35895352459013,129.07449060646684,35.88488146601141,33.954342163327425,0.3802700194344816,117.66855864236139,168.83414748226664
206.4936649342619,254.43222898278205,70.20108368517926,53.103549732898365,0.6130011573895534,69.570792298058,240.43470005129092
14.810470389078283,392.85074765042094,11.615909075428545,22.29845464284789,2.9632748598806833,89.15823156535532,200.44627196930685
158.5069869067915,260.08914026633397,21.613736531716143,14.440396478225946,1.387900315029194,12.941281978090505,191.46992303826835
75.683774807402,118.72536080438073,86.2950395960497,14.516083913155661,1.642428122864548,14.820383200264038,161.80913927494694
197.10010921874047,260.9221671778523,26.582057917233914,7.498371760165282,2.6334937333379247,72.41557697578227,225.83531851168053
60.56626441144752,225.19444429202508,84.51890689807931,16.480442982296957,2.9871498114229946,124.33173404822729,208.87507440332513
210.37194404971513,316.34125015743456,31.531228403168992,53.80911202913953,1.7898719030995764,133.93344301905913,281.18764925255635
122.15325042715585,60.6526427542442,66.07378145557723,70.77186772379363,2.456174081028098,22.13891946338963,175.12234113421968
281.651696733653,309.19060295077065,70.94430448343394,65.50180347611062,1.0481289705763583,85.3708342941432,308.34891903567006
49.881073802338044,225.6812998969219,53.70220154878003,55.440476170209756,0.9866574765971442,137.85215607909788,203.22143277353183
108.90924180457496,385.936961466418,34.004514286189476,10.613685346066008,1.2678407908842246,64.31618561570409,225.2063396785639
42.90732115977083,149.91142309470072,25.201215755254132,24.556620811084088,2.050271061753582,126.1392163999716,147.09704757982564
278.1611493007832,260.3963193909003,8.152988683430491,26.16493627515258,2.0783558988397863,28.71739161592107,231.55724367987173
264.4284124804845,374.17068009380665,33.87490811786876,21.496641819014457,1.0141943604834074,140.95522855349182,294.6137615932204
84.80307203739513,58.95369663645812,67.05046510047188,42.1704414573584,0.48630877999622324,115.19926445438237,153.88389509355292
201.39537334991192,376.14682514985145,94.13895775260586,43.77319756061446,1.933949143749975,141.78681499016622,325.38243381341846
246.99443805835259,281.3965744743091,87.76442581498995,29.837106063346596,0.47214500034741713,104.72641269735091,292.33255453084956
171.00823536384408,45.77808245996532,77.77615377085374,29.59555438144201,1.7776282738650573,60.87655047991978,195.36737543590235
163.59866772324187,134.3661554397902,79.90249760906337,66.62733663667434,2.1109241713632962,141.34536415346113,263.57474432758545
80.13716436113098,289.105393685207,68.17356583021956,63.56484216893548,2.13177333954391,48.579348683284984,236.21794552774313
36.99980266371077,45.59322855813325,29.727251468770284,26.00807487109816,2.2850691209128304,56.50415308864255,110.76906237921662
270.19256980646475,241.22477486698384,91.18352791705384,73.27549862211423,2.631292322540427,108.11317852024365,347.0262198694365
271.12123657736583,151.43556164212356,68.71956963105424,76.31957132619547,1.5498810766978866,117.14428193355408,284.42170247318256
193.5994226092477,255.9478967516413,58.2418599431418,27.485918278343185,2.2177226496357565,140.11648773888155,259.1890093886587
108.3186394041232,37.381972848754884,15.543999575280703,29.64514600585828,1.8956009325609264,38.67233726786933,110.37407344108247
111.27077663767166,351.183986337903,47.47027666161041,41.43946396691279,0.6412558254132794,121.71972493069136,235.4137364419371
220.52714687236943,389.9258082874108,48.734035764183,75.40742337762653,0.1744999701212837,113.39644747557489,284.5239092099661
270.1619753862474,388.1735850085628,87.13354290465365,70.3529157851003,0.9251700184631079,18.9312378755037,328.2046579908156
267.255063036884,304.8676960623114,56.9315809178399,10.000301081520004,1.3847977483790963,64.21123976942897,282.1011184867857
236.1639082987109,69.43277124964015,41.13805215218892,32.63299797517047,1.8896072388431033,49.587163988413806,172.64372784195155
196.18917738474346,308.1400144530286,97.79603120851264,45.1629528004822,2.5648820584592955,52.62865940956426,316.5205541919021
34.40058984856417,29.343028254344574,15.51845636599999,41.24433285902012,0.6691125784478803,147.61256313765813,103.27932815612051
56.872327087437995,28.406949581018957,45.14210068963474,17.121319299077626,0.46409439070558356,99.9888378871899,89.27847305231751
270.580714672853,142.97188327682568,8.992344141283503,68.98770815111607,2.8940918476755497,110.47466209108994,261.9533298245864
185.86442730128107,205.68441235377298,75.29089147285838,54.80138107375331,0.41332922219158064,146.7264692241013,244.2030294939932
12.667144968822598,312.7548187669614,92.21727245891931,67.35685323844068,1.4876241033108486,62.80824954406942,235.07800885505281
39.42674743114931,279.652243110472,31.603546307296497,68.98361378925883,1.7981348135005755,122.25762358339283,214.37068493149525
202.4155130413362,189.44302842316438,86.54245929591649,60.3717565859277,1.669985820631571,70.83433486262935,245.1264146641669
11.46785931540342,123.97813318703304,32.76073189388029,36.25842689747795,0.3494932553955353,131.73471405409717,117.02820204373265
56.63433491107461,398.90731005993024,91.52316535617194,49.62264689120312,0.26537805061049613,35.29205578358244,231.03395302115513
169.13279891630998,181.94889484966973,76.62638084169447,14.508501677339966,0.4059019396370035,142.67606478899916,210.91993512264742
210.64960733088105,191.5270692452767,81.46614379993667,54.5443425630428,1.7982042832305762,40.62803917752315,245.68677434168396
199.06876525575416,82.17705205283428,6.710622782043178,15.981753947663899,1.678600174139531,55.67087097733042,170.09241985997718
75.03809974356234,322.0276285249732,96.46698392203247,56.128068059792234,0.7778482969065583,115.86691277494927,257.8094780456464
216.5319741907854,283.5992457969657,74.03374424668071,19.908656538809556,1.9495450113522155,65.12571981915693,260.937745727202
78.80223537407203,103.89245285972895,33.951354061682665,11.169001411717158,2.478195755961383,95.14959274730253,131.50069197019462
104.36591246618764,51.30479733402022,83.79249316159046,14.89219023115068,0.22057898355512193,72.24029014971998,128.7594116727031
226.482507484227,278.58973478839096,31.744513849418347,2.155386547087481,1.544576836289323,113.93179119256945,244.5943622571696
198.39354072369224,268.7142614268314,87.91161475878215,58.06169019257536,2.0990001950978017,41.96637533160552,284.02984510133365
256.2747890433116,123.83862025931954,15.695137089134017,59.12728182655357,0.8317045885020925,18.184118213162783,207.28594557972409
200.70773876709958,381.3281536551559,71.85016785877559,42.164801293234234,0.9925356253501323,51.99011564622927,292.0592976965755
174.80949496728678,77.40199887674208,56.36635528126648,14.586298482319929,1.879549918669213,76.40321308158023,187.42694171374052
37.16568267014682,184.28722439618872,14.170774668566878,8.5172383258338,2.704012350986837,33.522807306975,133.4468250832743
116.63758288723572,378.57404966368756,27.979913684589704,3.492059382108387,2.448780818878408,59.671620551894414,213.53427504725371
86.90868662770038,179.49638043192647,6.178383446344905,14.928357803287215,1.7910776353887923,65.9976225610996,137.89230148169142
80.75699657993424,262.6398601123525,49.53295671912805,71.48673172868544,2.217642981496023,18.034858116358297,224.03041030629763
292.17306087820924,171.08587122586184,33.62019977220004,20.83987365273118,1.1579851636026162,91.66301474578863,233.9741935266784
123.99834015336052,124.2017768924946,61.84396100828709,29.633163522942823,1.9588000314863974,133.80807991598027,199.95734763726577
268.69350100136285,393.91150622473475,33.237591732318634,10.216947789543989,1.4519266142699152,31.244007813427338,275.5420988264016
193.03020153920625,175.54692239971635,33.492315593163546,19.34418177035728,0.6508147957269266,93.69312187621196,177.84636540240203
240.49527802707803,359.75769739807106,75.60335387950232,42.499516520856,2.135040994244046,103.06348868751847,322.14206302908525
155.7647570005057,107.38275023861274,9.573569417943578,49.404709281460896,1.7137474483115838,68.70685525870036,167.50528137002306
177.30212654164413,100.97978752953165,90.77502454323879,21.13748050496446,1.1400025876654152,108.1536622309978,198.422435920509
152.83013120747054,31.830951496114317,85.96506806716224,6.503108419559142,2.7428836512280292,67.50241608874168,177.7985585195015
66.6204664614329,267.6333936428363,68.44144490650862,32.5005637919371,0.16070894169752648,80.64922031684088,173.39919928626907
219.51111342583656,160.04001061502925,61.35604916020151,20.26786293225406,1.0157421386235383,11.029426237619777,211.39847601960935
91.42398510784818,348.45613493906205,89.76873732326696,19.12520601192455,0.26495605355517504,106.84081597885644,226.9282263479989
17.051630265121613,199.81976454279172,22.60636705522787,76.86929861164951,2.3229292170427187,102.58797505226141,188.65413972520253
197.18696581307867,387.91350260759424,12.502070408128718,50.071437902206476,2.1361116169299987,15.376122825688238,278.1901756279869
61.3620970280442,90.49969596718604,27.753466141406122,45.43651856742348,1.0609214343353195,61.55501503531863,118.47945144480498
282.73298946234513,350.0768038231321,80.48493647651807,34.43045807481911,2.059422416400512,147.06445771083344,333.8421683178989
286.63928733075034,315.10680406086186,8.293675339015916,35.45765800755125,1.2482179559682547,68.90311875960634,243.5377046718556
275.31067316393006,312.95030096473977,60.366649332931516,44.19059029937031,2.2931359951250596,80.27235671845784,298.05578484473756
117.34602307407887,341.01762668441734,99.56656403817445,56.32152494881637,1.4171326219364477,137.39022214236059,272.1410836408018
14.482418793371554,309.18911655833955,86.29112891456624,56.767395502182694,1.29561121071183,110.4166626212059,234.01027454421524
279.21238315044036,257.96372221993784,54.537340459141,15.392124801025066,2.810716754916073,91.4898183573913,291.10949746964343
134.17340301202114,69.87305351930728,11.045886382231023,41.00879466197691,0.8275493896830306,121.69265538775015,142.41102358464306
290.32989752266417,32.359948206675725,83.98048386664243,34.13273141265995,0.4492972859900397,131.01127730383627,204.0321041586504
289.44979335588334,369.922182169961,61.902958276835,69.90110336901196,1.7951750284524288,73.96433004321736,328.5897257872059
257.3727420855344,254.32711951788045,15.918634720658849,51.25067585503336,2.911033255624119,76.51517109045696,282.26308226640595
95.39017870017985,322.684170570947,13.91644205821884,43.53531718044658,1.1957337198088414,64.047130991257,198.69201959572052
121.67834129455832,202.97849357476903,91.41454784647628,11.000782089955555,0.27990661452346643,145.33885960258448,201.7083226946305
256.8296347398885,64.5771118057099,68.57402497911745,49.239755367226095,1.0839852751977457,107.60327560064906,231.29813794284914
101.90738149532052,67.57060103696917,83.78224593509178,11.141904643058208,1.5672017975267196,21.65122926913012,161.0706836698881
59.15289653896682,280.51480914700915,88.5029955268154,28.302112894128662,0.5695767192334198,130.81434726382258,207.56455072873834
171.47236611292155,183.51624006179583,59.31837344459061,13.141673255517885,2.008496432363827,77.27839171707753,212.0825020136743
281.4848845066265,96.19939614612795,54.15740341672892,55.981744467900775,2.9934732281295817,19.625546899148247,252.69226391956315
211.84864103574216,206.805927761746,45.89060398049407,18.087664879219904,1.4100444803461871,86.96041572286354,245.82327627323252
175.31773932591585,44.39939608855096,35.109925840156336,32.56503110866603,1.1287128145176166,68.40299905659829,130.4131150002521
38.18118319352288,241.14913272747154,46.286616281577615,71.86263265426474,1.2620420838199533,132.88491668076747,203.66034393307044
188.35209574275922,122.21749368533712,78.51856729436486,17.936677905119684,0.43392391734608327,38.55924450531423,181.15825090554705
297.11561653023637,323.0724582421315,62.1827259464375,41.60879498878477,2.661493444136049,125.70504532890561,344.6131451366525
50.624364418591966,137.93754439095804,89.78971254571037,34.70318957094972,1.3029944010119208,88.07641676596339,163.4429052260495
160.31559918548365,192.98365665108446,47.121101366022835,3.413675201566919,1.2230957931320399,17.645442449885667,173.3867101682892
264.43819085910707,24.41580516507824,62.67350997828163,63.835132858679394,2.0131017914983755,146.05834218556785,249.14399141371916
224.8228991487193,47.52981736193237,64.97421754373893,7.385580692538778,1.3818969207002583,81.76613417444798,215.07620839641206
212.13456488862772,169.14755143454022,61.21123041910092,38.99189163620238,1.9798770595427535,50.722759592421546,239.74384516102123
213.7203843562617,202.37675719250694,71.75020844312405,45.7329070052381,0.2781942413792838,75.71695787849613,222.95340868483362
114.252433853729,248.00780828533541,27.556179495606596,51.01726361593779,2.4597976967944595,130.10008969244848,220.82504210260464
95.14163483670308,130.83177990953521,53.67455886685011,55.7132670860143,2.8274614633502675,52.68643741390889,185.78262511985625
244.71473508876895,284.09311672808616,14.901356266793028,21.755245914771777,1.9814196198622194,36.97469550813804,222.09206744465592
244.93288445696243,346.84651093189774,41.52857612625719,2.778344579359051,2.868241193690551,28.069974570323403,273.6701359301967
261.45097238823007,316.3433757794729,51.328371519020116,58.428605663683136,0.5391537116728935,51.70031577462957,285.2503870806243
274.83976024137667,35.05515363237571,66.96130465681989,43.78121474911113,1.4845069494930259,119.20673218560609,215.88646984365954
158.28929566967196,202.592639957975,95.30044999568933,67.2171808501654,1.845239528441797,76.02769112733664,268.25132834035776
155.4397254592879,59.87346779890645,62.06185132209381,66.06829230625415,1.7870362775214415,41.8474245170956,190.46196474685456
241.5056019003648,111.97710602776044,75.64142203677318,67.77944108745488,1.2642391593582254,33.265899945364886,227.74438049400138
198.4895399255519,394.9317854415157,53.095275652044265,39.837383478404135,1.080444787162158,56.58212671145307,275.7590095094486
213.57039440473397,74.14830630257504,65.23988298075147,28.02301487527552,0.46778966539621447,141.58941220399925,212.14603237690815
240.77987413646932,209.5774983115153,11.738560532708476,63.74153980212686,1.2360531066306069,58.02373976260341,235.58012805576928
268.10154912709424,254.89917904088526,29.167200179975463,37.200940816281886,0.5717163638059068,148.33737063364896,258.1422200120294
108.01859548694539,286.9366888067595,39.376043854488174,16.30849131946789,2.2296604618274336,77.93226380714987,207.72284332846445
118.91905626558376,232.66649972502736,49.88686872561879,68.687973525795,0.7056097129343109,35.08294856062112,200.01050653266597
37.25476255385201,23.712922019289792,9.336630822726455,70.83967038824309,0.2698393853251482,134.75961285109133,88.91947308575762
177.70124088889045,144.05529713271693,18.30228926756518,38.372160978933266,1.7018617996699796,74.44975223887576,163.8349219310117
20.423259401055205,216.73042448619034,31.29735924017405,7.904578730163422,1.8261662248862647,109.35398809063342,165.60420611223327
145.02342525841345,53.38926967503667,97.29560563559981,32.25043501352064,2.628547877713466,147.71962164928124,219.05412438154886
167.36694406519723,153.2382338594887,36.47796567478982,64.67593743808305,1.7732466760112775,17.02454904479636,201.12807850819473
93.09696311720248,32.6171813407193,50.79390052064784,72.33837422660584,1.1018944757979927,23.5372383702594,134.32625438704108
181.34164556501312,49.85982891890788,23.62928271014733,17.870873914812478,2.4287344564263296,110.86394380478586,161.86025108527852
18.845072482324333,170.8308449566065,63.02410675219799,7.223941737971179,1.6668087902435211,49.45550046136608,133.2477045366544
20.83097473727218,70.43198653636293,31.66490547401756,70.43333534436141,0.3299128254304561,35.80219557301387,79.79278068652548
248.5541625913009,235.66552233939208,24.664294951650543,32.37358524035227,1.7409666249084153,15.51066317476213,253.09418831861615
114.45528600926623,281.99668827216095,54.07439970236801,44.25735521286993,2.733253781722821,13.058539678068254,216.21983299044257
46.84754866904659,324.2229456614515,5.523050920239978,77.50913333995919,1.2493066139448397,118.42798443677071,190.1798336462326
161.45054541589326,96.05709281302784,5.728083101676406,7.192048777309383,0.9593448255094201,28.820679831737,116.18193656505089
233.29813039859715,83.64338125844651,25.811536864676487,52.56880458126345,0.5160614253522582,75.48088623596112,195.9014468224103
72.58809797408452,59.735779327072095,8.48852943757801,7.780222960839632,0.5391920136125362,94.82555412512762,83.13728315256216
190.63823798751008,261.84349482658195,15.26244664241568,31.28657642038703,1.355037304591275,69.96925207963847,201.56715186311374
34.750764848192716,288.46077606502246,37.191761687181405,64.69753452508886,1.8274714900684357,13.794931327072636,197.81680525765154
24.987699138896232,32.002735033743974,81.24563956008222,35.810834154939485,0.33378467499184505,119.69021036230724,122.5035194443947
164.09284315476293,375.7606535726021,59.34462112008358,79.78022360443013,2.8247489081729804,11.47185143583149,303.9121712898766
166.78418526693088,39.74908778755952,53.70343396585956,45.60662422583497,2.289887490591068,116.66458521284775,198.50234474861745
194.8546714344799,225.69260741440678,32.881438204771555,27.05064790560437,1.8012093630226218,135.0626291303372,256.8781229510104
220.56648677957185,289.44299739134823,93.51660334611755,19.168683420570744,2.502472145723073,70.59758894800412,314.2613465729971
292.99710304413503,350.9682670235125,42.71642891753321,29.34060167432062,0.33254159475512857,84.97594623369176,277.9056392504203
159.72710100734665,291.35303421032256,13.273812845598291,31.057595353244963,1.4828327454260608,76.77767496647152,228.62671215281364
103.65737715296133,324.6566715665209,63.62131903119112,7.359666862468956,1.927270067898824,64.48920660728143,226.35115141861758
240.60399648292406,148.9910731662663,15.814647380277133,30.826787555288305,2.503093427743039,134.23943495185046,235.22634931675313
88.54135286600152,329.6335432236746,37.79619856616075,38.21060453965954,2.3720617241428763,135.15069149379866,221.7779813674988
137.30171200463445,50.44364162617656,53.20413417819184,58.373544674626764,0.9035008241688589,57.01429104981484,154.41454305254913
32.75235058925713,360.0303293030005,88.0511398450917,53.22489980828542,2.8285524917216924,96.10976556205772,254.07517742267203
17.351715590482677,228.08510293841977,51.886925132311276,57.28372110787403,0.46060294014952397,139.767058700421,178.28327674230292
289.16804025659826,330.5731525857476,71.7145827730081,2.6523671863948537,2.6378874940013413,144.68818985178922,338.4108505197719
252.43423494853968,191.88094811695404,99.31759970491169,18.97805716728181,2.915726723853394,81.25426565908666,266.85945730054516
211.8325197671724,264.5595241746795,17.491466390308254,53.611374495188805,0.613745217345614,73.39547273980574,225.0663564091548
128.59635388013828,220.03301115572302,31.099494924354353,39.751170718020276,2.193991586190977,49.01720422999361,209.91565689920083
60.255352820545276,298.00401826702614,42.48472718177641,2.414451102130984,0.21682800445619554,144.2420622466574,170.43545136149726
55.36674237461495,51.01939317162404,45.07367696118898,64.75058210968214,1.2757261929035495,29.99400262620143,129.29734200170483
82.57044046773265,42.93379191641424,44.047002150226845,62.279146716646316,1.5972215676732546,91.1761406466815,149.18129473118253
169.27573276477494,113.89922892385565,91.22304524287271,44.77669471349789,1.783871155137939,49.55703745260944,219.0883134226565
217.2328175830181,80.62697844301157,72.83310122435137,7.184139410549225,2.8142180199208227,49.061160648691526,207.6855036538638
201.45723924814206,351.27775530503664,62.75099533861685,61.7881738635416,2.0495269931531643,66.69560223266637,286.4271237281824
91.18083011432343,103.30131519605683,34.3904081969643,47.52965984304639,1.4957060585357873,149.83101101419163,153.04829305087304
286.9109313923263,390.8287972112699,83.260086501023,62.99287821832082,2.448057605171079,17.69528295757509,360.81894854372007
223.99010584177287,148.0204008730206,95.73074859107395,60.63626540687555,2.8565451807677857,90.9958545484944,283.000675633102
170.7626752283062,89.20480796170573,83.01383684227152,64.6341616127113,0.16399183117864347,21.560102124938805,182.57867083814793
187.39901640796214,320.0854327141421,5.148684993189926,42.404629179560736,2.949311689542512,31.632916198672657,241.60412012277052
131.68401810405908,270.30895469033294,65.45813016742366,12.945312419094169,0.34978320328467294,71.53881184820582,196.01644992282854
81.84198695533567,209.3143722521928,9.857861236999568,54.350282923615715,2.461721659879408,81.46441838850178,192.30879118257258
113.23207680886586,231.03814935629987,29.472685931703577,50.396955234053706,0.9129707823990961,46.23093717103336,177.07467305799813
229.77537203466704,293.29667574346024,10.65484653303831,59.8957486015288,0.4833210074862281,54.303998322418266,220.93990140125368
14.174111702629201,106.81280170589352,62.360568030191835,15.250718471957354,1.3755813551701213,22.17538283583063,115.26049989703318
43.66106574700571,398.60688810156194,70.22604178179765,17.20806559222256,1.9674740803980793,52.45076973819507,225.73964910942377
23.340766186308297,390.4214016157776,15.876325616260987,71.45194234310762,1.2047603505680775,145.31818151327616,219.16349371707116
21.81135267250134,267.123760811836,41.46469388927305,60.498268279261524,0.258239684019827,142.25903343414743,192.39080479686794
258.08356936319205,95.82613135307516,48.34246835077649,72.84182211862519,1.8384373050102782,56.8829606191779,236.15520534646257
214.06077922020685,278.4867321238907,40.06003706728708,61.17979505078581,2.716969500720957,89.91955107902662,285.426540548822
147.5104104353243,47.43539541208682,16.49737504609334,48.578113867243545,1.21132456124703,137.3433547555322,141.27156921586217
38.371906588790424,31.647950838206306,44.800040067810166,53.02235348817415,0.7273650551293983,10.865735169725534,89.12127700912771
152.56860378388137,117.9194976342612,76.36191454179972,71.35197806732077,1.3834743032051646,123.49569984726286,229.44294353218717
147.30681352636404,195.7967235609402,11.74572813065927,47.14692685193136,0.24025186204146454,142.77173739044866,164.8870308534882
60.2285422739044,349.9435520551846,12.617101337780827,51.326523297614216,2.479413994992797,22.785602806697987,206.06478639498138
135.81697827901218,296.32424651119703,38.7032727244185,14.205183848280845,2.4963883517555416,32.60267604460894,218.52289203545848
125.5663729752383,302.2284780559928,94.46394260379788,38.96585516905601,1.8052013439459225,144.50448238798975,273.44817694636106
188.59652843514277,181.68746709026863,68.51440143867683,57.87897473273172,1.1239983779213296,85.25562010964848,244.2756684080417
194.1771587516167,151.4552971678459,69.47364588389365,23.133530468676504,2.419371756892772,11.987528826041318,218.39087268275995
23.13816283389291,160.99472993414903,39.382399129597175,17.775826080913724,1.7085923718862648,46.068479826894084,139.6943371592543
118.63765824167665,395.30683421970195,61.39777516481115,26.478491041504412,2.495203694795047,72.99211439764035,258.2156073277335
191.49937555712856,35.24149273674334,5.962462482635621,20.837048983441008,1.9312304984907598,107.00724754346749,152.89735268341468
155.90951498822542,349.4719685265305,65.42912440890652,18.763185688838877,2.3747758723171124,112.64245293915194,274.8392605794992
258.38205394461346,239.8966552575095,91.76226001974248,35.13836574371078,1.835832680331504,149.35901180956387,294.66510466813367
201.02115316949406,186.67385929204437,63.19447949275782,72.81140408291566,1.301009097825432,50.25156791372626,249.86140886356367
57.25098385361461,295.5979109577519,88.00136637930278,41.550652445620024,2.8780429937857988,85.35081426158654,268.6434536967955
30.464936746124653,204.9341977413871,73.77744026927891,16.657789703595196,1.6692300921486498,84.6652967003447,168.06304301169132
196.30159067983152,351.900830471031,16.45304955835057,8.003790211708179,1.8547596037675613,66.79033632261326,244.19428245788006
17.688280057070326,362.2667083242782,90.73306419215497,56.30017932075817,0.7394141543027728,33.68266513793883,217.0181827960663
179.87491856930436,180.25395221191306,11.312165213798615,31.85830362603825,1.9143872893391018,146.84391884573796,199.69135044275635
282.6667700132377,125.1945629493196,55.72690989203756,66.10281383365802,1.7576621835005373,129.46440613332203,251.16284094329475
176.8875115840049,245.09312486547765,18.50302676037848,53.44183995398007,0.6360313540463723,79.7666239611932,200.54173839844296
122.56927859989135,366.69807133434256,6.112128019435886,64.10683314222675,0.2728025823241168,94.45435917576417,203.82115298353148
196.55358334828242,100.0516318221533,45.093254712125706,23.211791074639002,1.852642027172836,41.81654749835272,200.49273193840816
142.8933382425398,256.72730175412346,33.02886722714484,56.00399595196254,2.3147075811159294,86.13018985484456,232.7903988839966
168.22886890162113,259.9928836351578,51.170046910772285,22.596834806110063,1.6178639756738238,107.29581863700662,229.55778827275114
283.0247945451923,298.58294851780676,59.833989239782326,75.24734139712274,0.7576406134269725,82.12338397412243,312.9896908599569
121.96976496222453,69.99572034835873,9.155211869349998,51.6371939596032,2.032913732409801,148.63992388189178,150.10252592477553
288.7452635089351,292.0134865791936,16.685313036755836,27.311920413676685,0.33230660716784655,95.58783187468167,243.2028245086325
272.5516861672585,365.4323578529436,58.07102766279041,23.021925258797268,1.3813177439256683,61.936319762903665,298.7917138538113
66.77942908889597,88.27958137069194,37.60089855140253,16.892273635588193,0.5737635993554185,118.10128386621734,126.71672267321114
30.114777253797982,110.26646347107351,74.27148131719755,56.181994793710764,0.6349312480736617,33.86475162142989,139.09350562709392
39.22562039945373,389.13013573582305,66.96770661623427,19.05981781383833,0.6866524525587905,63.832213918877315,207.68930275450427
15.28432943894942,88.77124202960611,85.33241448404115,48.433654742344146,1.221450465427536,58.57425305286202,138.97916539040398
37.388458619219236,344.66633548044007,70.78681853357641,22.641532100177873,0.2483355962991531,70.45299331508882,193.96613242482732
208.0719642907435,207.06558545025322,45.84345235206407,53.63357769392175,1.2536009786943847,119.44917563002168,244.38170046728536
30.644708053466406,113.94780827320727,68.93182912747108,65.56529882616206,1.5839515966326325,77.78422450287704,149.60036869520798
102.50293278519078,350.8849624835543,31.16121155426476,62.685968965282946,1.5015534264023431,121.16202303723479,243.52287149415656
255.01384018114183,189.2159969010129,34.099782383930204,61.346403812600975,1.2100738911688176,90.70844643958122,235.45931754569017
16.7488613633895,215.63059449328227,79.95359019247536,16.642347643995663,2.5335251634051823,57.88972085205775,178.07369788132104
246.19585995079137,156.50868037191097,47.40985405815031,8.894025864792459,0.5214474080194619,123.39702411568614,206.01850998772298
91.73788468428597,245.32132354527243,80.84613234924349,56.518008622016076,1.5665205569659846,43.36055387743282,244.6219700156552
44.26780001028031,82.13907158230865,83.13012549848645,30.731082675959403,0.27992010917400745,41.41361717197137,119.67503935036355
212.0537779556037,168.61098392766908,86.46842207782196,35.72300565946109,0.30635146874593827,80.630409367677,211.8263206790745
192.39342556616637,388.37668248740925,92.08034740491469,4.4296292378845035,1.7642109640635792,46.51889443469245,285.3585392757034
264.46688392284534,118.09070442642846,45.94359594876315,22.24696304345384,1.7414534321746808,11.272184893170285,213.47342990568464
223.17060270312686,269.559932525691,35.29234774050819,4.626759502208194,2.6462971872489254,100.76165382183221,270.2054372689926
243.0094698116061,143.57222440538405,60.308880926440814,70.57649026289731,1.7178336594142123,81.55313500613572,247.93263682662393
91.79002604567889,313.91978776090826,40.26138022657462,20.984941291045377,2.8833939591740654,72.37249402904257,207.4423739811946
61.457467696119615,69.73199107297293,62.10204584602213,45.47229922669463,0.24121506035979634,145.37559204656415,146.36167595031992
227.6782779758489,388.531997129847,72.03065695116334,5.040387011568172,0.3842222858641491,89.96788575480792,263.32042238570307
243.98207438750657,192.4400257257829,70.398476756753,54.01409652184133,0.22779099855410603,130.88042089051385,249.80236652904946
297.2464911801953,109.6991760716563,40.58252426691153,27.19613296881932,0.637302865967266,29.523033068722423,202.64387508627507
129.65912630431367,47.928763985404814,20.851719161381517,72.03769658269793,1.6696833217308664,89.68890483811988,157.0588557661107
117.88524487990712,84.50800393326548,45.900287153909716,71.2732187368548,1.9721593261395411,131.51714774232642,198.46074480401748
235.15975861517907,217.5141004512867,18.54644368778133,27.372668232216327,0.23219695805113952,91.63480601918572,199.10590666197496
108.83302667337517,148.0612070438888,89.55921834246179,72.27494986385649,2.843315580552238,110.52198493778022,239.84141689409404
279.91962442503376,334.9756790353916,37.85835877009645,79.70029853290475,2.5422795922861052,62.086099493709035,325.43442826268074
258.9396980344734,183.73725899148624,19.67367598621576,66.38242180166795,0.96017619825557,22.942932385189323,224.1796824298579
134.40826793875533,114.51142358329936,7.417537191046334,67.89996512490787,0.32384383765675706,74.10604131779,147.17437670306225
227.75260965953424,254.51509490953143,66.353126697216,21.422681416509015,0.5926725123352661,65.22711471744006,244.27435744400003
228.81743348455788,288.5753424164694,65.5057201582006,46.982787110904994,0.46813879988942075,131.3884255330526,282.63256397050606
39.90592196242046,83.47592500236095,37.35739582522271,7.2459612894546925,0.4575229599669458,44.15934232934612,86.66361844742053
271.74034293707433,83.69530218956072,11.812629440526845,9.403599072090238,1.6038288971306285,145.34279185491513,203.25595209509382
156.52318800987857,33.93514223474633,43.91474501504704,79.91362373859667,0.8129575832308608,144.13933677262946,164.2954761882259
249.67266517124506,299.8327657249434,34.56566203102239,27.477861455221053,1.138605177934519,44.66843003000142,250.81226439887985
102.81438429887741,272.2457204962859,69.32646077482589,60.35834513981002,2.9695654668145353,58.727273766824865,255.65853113883637
269.7017362638981,200.35973278492926,62.549028698005586,64.91987413609169,2.0845113218835,135.3778037223439,303.610611146313
122.86848683290731,340.78477060829493,39.6364041787663,68.92581513856388,2.852043934436304,145.32711092545506,274.5501494514907
13.142918929286525,326.1546581210202,25.69979265422406,79.8150071973682,0.5134140095960352,72.08147439704616,173.95805647370253
272.56077316158644,242.4346584707658,98.86341678478122,20.83672585003569,1.2082044770144509,54.9395863897257,274.86109748207684
36.47313626797873,349.94308659503827,48.130154013630914,5.147364495056577,1.7087222295188274,83.65316185521588,198.74955995414882
102.6009549012203,98.21965981397193,70.38605239912252,34.07293840357771,0.32259837947734027,106.28768889120288,166.20970456558481
285.5179704447334,62.52945537113659,18.352531919944276,12.146292246657861,0.11214358652107781,48.28643215249717,157.31552921992943
285.67607261189124,122.50485237645606,51.13102146764279,3.7492193546402994,2.0442595680110607,113.10624444667019,245.9398728613696
176.29698755575296,41.69300531393964,7.615988387599222,30.113292517035916,1.9612765987241625,17.232029996049747,136.75328897927892
193.23279152924178,221.84442064039217,53.01823620149275,63.13158358386844,1.2912875489988742,16.9012289870183,228.72987757740665
140.04920137371275,375.91016307208537,96.58165367618172,46.16209391555553,1.5199678204928948,64.08027872037633,283.3244993878865
95.03112379243872,34.950545454033666,41.49963773365102,26.396683158407615,1.30478470171706,59.48624688850088,125.53087092205764
105.31271815727563,66.40176732381019,8.7046211946166,53.03867642843214,0.16961463005017768,54.18865015140132,110.42545603994297
205.03035226234115,191.8356307477054,7.940800137337636,20.097418064087236,1.072577658030641,78.7427667736474,208.9714917453597
228.1886135369272,374.87250666060385,41.858742194952605,3.121752793622632,0.6135385406521405,54.902701523619974,242.07469111126778
239.55792268049606,140.1393198911652,20.202368964003433,61.619564142041334,0.3854301483939694,36.91610858553287,199.14185945228658
238.98926141042062,212.74922730158912,7.218449151177662,50.65196061939271,2.8744892582791146,53.32573687240413,237.56799870560036
36.44976988412021,35.797686439149,76.8402933252668,61.45960471107488,1.8381432026222804,146.48659819343288,150.32979004422467
153.38188836374863,76.37041636559377,48.55968584377961,5.037165301637918,2.2131032242861477,67.5558783792788,162.51732708206256
26.69204040482684,394.9194467243618,32.47825333740218,67.29533097079087,1.0145548554717407,72.259788760167,213.33107304525592
169.3633758738833,386.7451046456973,90.50790238656566,50.32304360283166,1.240126675532644,90.7162985931596,329.16204037884023
138.04384539827933,21.877192755075654,16.033201219049932,45.94483735558593,0.787079582300498,147.66770757799173,133.87131248833117
267.43421299990695,381.6884784608308,95.81228875075533,50.71989575293346,0.3812004457997318,43.82417870100682,307.5086049974824
111.76535364010282,262.86557636989016,34.826838150848516,69.4257932557324,0.619191748580593,105.37949547454073,212.2686963839444
43.9494347640057,349.8089519176084,89.39834886932472,47.78104751159475,2.412790731359809,110.23785709584138,237.54502457237874
51.4675877953224,192.80114514086645,62.27957326554885,47.314129631277986,2.06488283503295,95.02541835102923,188.51094580501461
230.83808319806695,215.92649086011508,83.5371991754413,79.27297425112974,1.686093740357883,22.400967549130172,276.80383960623686
189.28323836171572,205.76170049762968,98.48125050499411,61.0249530313483,1.4777606313136276,104.7621186158607,278.10786933497445
39.32557607560917,273.4084178675197,32.398516592780844,36.49891682518855,2.775059422602761,18.973259545064565,190.59808990109516
34.39097377334926,73.0674768073989,96.30787111372133,57.17696600256836,0.31093134855813837,93.45997093698557,140.37010644776836
213.28104812314479,31.389964151617622,42.00078001572994,32.3599767919595,0.9137423583899562,113.54136481104398,171.0181330919197
31.10127184561612,137.01337780465255,41.62363095000762,19.85228607371292,1.1148197753550708,39.53578468679306,105.41308894808121
248.3394171942033,287.77868983992573,37.33677490417804,48.554446397245236,2.369034855417085,127.82708105598837,282.16897546516543
214.8102458753839,96.70431180672038,56.433722698020595,74.39820365288821,2.978292398469717,14.249532774620597,236.6179676632024
33.59114638615093,275.90432466346857,19.643779101956277,74.47288256120609,0.7979444927957439,128.13380091216285,170.0905367836805
34.60293708470566,388.5665775207628,57.602591109011065,28.668611692228247,2.6354912689975336,74.44606708998711,229.58232204887366
296.12547776534086,55.68227199997899,56.46195717895038,43.15884236529221,2.5088060052521945,40.46231159043023,226.384280994023
118.5385307692749,275.58880492554795,77.38067219746264,18.507600088449173,0.7515064531611232,28.72894029915552,208.28947386822708
117.48622264939837,188.62508333573703,84.19674638407062,79.65922654091291,1.2580644825777456,143.46300346153217,259.5075440850168
245.71187450467573,349.89405666345203,46.84192827968028,78.52719681369899,1.2880513209483055,20.173182261361937,280.9612486140273
284.702087441319,87.31691999000664,33.721658688391905,52.66169651718089,2.936839938727019,37.87307879102959,219.73678445529066
295.94030850863254,283.1978618459425,29.636815245123973,64.74429665484291,0.624586513998805,58.695128640626436,273.3486740163383
228.47967372509308,338.4838100662819,23.489264486962835,57.777812580128604,2.417558116203868,96.83287885455687,291.7064029657108
119.11527980396558,378.9534034001288,10.476520308907364,48.26634108507852,1.0691588711020188,86.27215193865378,227.22962219134257
34.21520784261394,279.6342507500654,37.532557989297764,6.16114376513402,2.219524002750865,27.59008893772396,157.5241377146752
235.37260561895667,208.9264103232024,30.67353075242441,37.47161871910756,1.3180319124574222,50.56191772335005,221.84336239882887
171.93723242338348,254.78195127646126,96.80965165730869,54.63333156905802,1.7772433130379661,43.42524795204337,269.63073852259015
133.02438268162314,350.1838941019129,57.98233849375417,54.8474658829274,2.51457414264578,39.89599962864779,276.580178332804
272.8427716774734,236.8317037227553,37.991318707898216,31.10356423694592,2.432080138453264,67.56020710719818,248.97594892608365
42.24726986878389,31.547082684798006,60.14442209440112,75.45197495932638,2.6126272322651305,108.56440336283197,157.38856825548555
152.86128024434916,373.76050429265155,18.223686627841072,15.053848514468918,0.2728902434995112,40.44341051041303,206.05392331346013
13.292556982551531,282.02016539199326,47.18415617420928,41.02803680481373,2.10694660381526,61.3350431584174,173.43903116035605
145.91158617829663,277.0750865953537,64.49226053500107,55.88895017096418,0.5059633924931123,64.72843975776271,245.97382701302973
26.327949947732833,101.95655791113252,51.44529402028288,56.37659285956112,1.305873847253392,146.70391412095742,142.74841192508816
44.45719571774086,270.37647868840975,43.168986062160805,52.593838627967614,1.6909064036585966,143.65328996306965,204.7754600223196
44.082611565360416,169.66847414858023,99.41559694547132,23.472480649245092,1.2679445057658092,122.01926158529062,188.90242623459173
198.27098761365843,267.46853127576696,88.62990240414807,14.184112357556513,1.6068738598287218,43.83224891468592,246.7756618418096
226.35301498697277,60.50535151703647,64.22356602514681,51.60334549248345,2.9899262955159953,19.525223972833757,203.31683256049237
179.17694187817628,269.9812157491537,59.09084931231686,48.745565058876146,0.4921302097672787,54.366579280887464,226.46115732636613
289.03003905761716,399.77721579285327,63.96274558333548,15.989768802560796,2.058822531475634,47.35123692073632,332.5647030277367
118.71246806187418,38.320574767011294,24.12465024313116,57.00085335450394,1.2484028025182843,80.82961202049515,133.47938965200564
92.85650502173961,391.32619000410057,42.538085610110265,37.5034153552252,0.48572841683125345,118.88190740949103,221.412982773382
261.8937471749435,174.62502507469083,8.748655624635436,54.085326145045926,0.5603366137854976,130.1652114430401,233.13167643010655
74.84279317064127,350.88631112815847,50.176873561248534,67.31463222207175,2.852892008112289,128.2809719574712,264.1082764074371
289.3345364377773,317.3064839421439,56.587335475978,15.238817429000006,2.65084434046411,60.35457857122949,299.22954244254623
13.524797660046739,235.46617917493376,26.63622492980491,3.493299703753261,2.7304216852035634,106.2128080844956,157.47160541784407
291.26485974521535,300.61069951550405,96.5827404807238,62.77000173887137,2.9754450498994207,53.79678765339081,359.12233428596466
22.516374465667074,353.8359132945122,91.39818803903799,49.55639916190404,0.7041146310247021,18.52677605292558,232.85864617227642
268.4315029724406,173.57332222739254,73.60360736831106,56.571886430525495,1.1307740783557791,108.21913718441192,278.7705051822367
163.03332163502697,144.2726013940307,55.671729732709444,67.37608804911412,2.0407351867821135,11.375857359770299,220.07078987397193
297.9597908745971,273.6854865141622,87.64707016653007,64.61925291631104,1.503027365595877,67.2855622441884,317.1302918050583
31.40100377326567,326.9814579376783,17.411972663228976,76.95177146044833,1.3133296467971671,56.1130977022906,180.24179140149218
170.61774247638303,309.668351215114,80.09843045611407,43.80293615046522,1.13765262307322,107.07285539263934,270.2108026248058
291.0977353295387,323.1691865662811,16.857977326850587,40.10265934747262,1.8219638326360115,117.27436618645305,295.4119960509732
161.69837480934316,185.52165962891453,80.45001294219351,33.347201591476946,1.7692209430562378,52.573249035979735,211.54729291285977
192.52560505922614,330.7770021465082,31.19791898387891,13.987901341847953,0.5682277187862962,123.62778202227949,233.45207161610446
211.76711980553898,65.67944104083121,88.32360519672795,46.66336416479775,1.4680455288034733,51.148346470690726,216.98005367828216
141.81690878265422,226.90585722512282,94.6839989134128,23.606976897426346,1.7050681510085648,72.48569039811858,237.08950277229235
191.99184322437839,22.188290989286198,19.135617093485983,73.86198595261209,1.7538321223210325,111.78259378197875,185.57246694398881
179.45115045769907,143.34261536210272,48.954182481212385,47.48888273361361,0.7093108594458202,107.0088320914704,202.85127225860046
271.3358230423868,159.2553832511312,98.19380092545508,48.24153407963259,2.2525870375316317,148.231586123708,297.71302798239896
23.179450299022783,170.54562281151703,50.923706417448926,29.68412354840678,0.17307737498110193,41.52254339023046,111.59341562401114
91.4793249817468,284.2775385421476,87.03701463888179,6.0551694542611845,1.1290123810751718,102.72450789554154,202.6153583810998
285.619330382202,167.65207848273138,60.92949460247539,4.476013699093112,2.3626166807533373,95.35546715860883,275.6971533436048
268.1764973283657,190.50357659656166,40.656341252362175,35.0201412439494,1.7352894710606668,138.11378362860418,260.1121497215305
142.14045830785676,110.26676973224444,32.14943777495767,8.596099491584553,0.8573710542814946,31.890699830282507,130.5141018759133
189.83845336244565,161.83568081914922,24.30619365317829,49.33406253213085,2.115364046094838,115.25174290217062,209.22972150602754
90.44054306452848,106.36245835999756,77.37082818088123,70.71589443989328,1.7454337380526128,89.55760627762757,223.31500521187854
64.55513631989078,47.814451032008584,41.72134814818765,70.86735568846034,2.409106467423523,48.453221770306754,135.72683761388691
144.47253743259483,249.3104654849236,53.57116890907136,53.40554199031413,2.231573039950488,76.42088798060438,235.89692089843237
112.47214612755532,273.92086345090615,51.770920600112284,18.47608285488862,1.8693129739050804,56.72872358977169,211.00951896319683
179.2602724367529,255.4063314836535,59.84150777714747,69.31375284599203,1.5157152584013607,91.10387639038453,265.8464233206218
32.543044719845604,196.1277366442175,87.22982883433247,71.11528795443024,0.48622816443581784,134.46008551405322,203.51584028052287
292.57449422318825,164.31859646810733,98.1702376404258,17.33897962633078,0.8578657518676128,89.70269781770828,282.7816199463769
296.0011158990848,348.0667868372936,43.72049981451261,59.519234690112825,1.3153884714595474,98.44113856572177,323.2930309842307
212.4668970657261,217.25107835176286,83.6142976000988,24.34852481631559,1.8379679323185272,82.62469859605932,246.03907400435946
165.4679462397949,202.08911349929778,77.63014049219818,64.60594436352852,1.589752780124384,17.163170902366627,230.40444365391173
99.76300872303504,29.743985006445563,59.48525038827946,79.784556192481,0.9357351252826355,42.6001979626532,150.04621751726492
246.0005557150151,149.67417449793942,95.82447864313365,4.342028415692639,0.1187466375901606,78.88024212049159,241.20768443212336
208.57204004062498,164.4743351386257,24.045078975198265,71.99453753169269,1.5390937435123604,53.43293972425867,202.99037202209718
57.15891241001847,171.5526567408222,15.380099979414034,50.56518162069533,0.9283153668305049,35.44690368656719,141.8798890762734
274.1688835032143,240.46550030638628,86.12638686076511,77.92384429485605,2.2303640720605515,80.57859786858137,323.8152821071774
248.535800447719,222.7689677562138,46.71923258020609,38.27074236706135,0.16944416928440215,55.193371082699045,235.37056334570676
285.441974854658,251.00393526150896,85.46204114967074,68.09625858456715,1.7960006527867935,46.13507004427806,309.9504011367001
220.4586574326244,310.6556393860087,89.84356949356442,6.866737350665624,2.8302752887675897,74.95795844165332,287.7410598789051
187.89040682137906,328.9345807121155,10.933471393811786,28.151765906107066,0.6057868746233486,28.65979613150424,216.7999928711913
131.29048052427947,292.88676896606785,88.92915248367576,7.227289944594378,1.4677835231767267,139.88440263055702,253.89130300685332
280.49126017266383,383.0990044628752,47.59031026009511,78.0767644113675,0.3651237762697007,131.47829370869346,336.2118588128503
261.1585279551184,26.92838141701742,53.49108645540206,65.72396476720326,1.9144775455579226,109.06688200367495,227.89605309431295
23.113414330794928,94.39563455974752,64.52628855385498,68.4986988571857,1.6965418737290543,24.86993586238387,134.95307370636218
17.64642260420308,22.873892491694004,93.00634763935824,75.16128805184375,1.2813600202172137,118.62281562575703,134.66228287689745
119.17437639463438,266.0403913787492,6.816028970827583,8.638071917343257,1.6119933622738496,123.11402593526266,192.88695961520102
245.06046592673155,361.25160860099504,50.300129490192624,32.076612216040004,2.7000665095601297,117.48704648000728,320.85535451697
296.3100775013339,112.52327269899372,70.33359403090327,7.540721345432166,0.6692534767020943,25.955224196693763,203.8235505627203
53.620898420023174,372.27312702259655,73.6571609813317,18.441861920902234,0.165437083945507,100.14711398948705,203.67076734815214
182.29790745211918,42.901608310033126,70.79058099602526,19.890530608938445,2.598828165627393,126.80547140491579,197.8851880218216
120.45834842299624,375.0856901860954,17.771337293771577,38.59036246171114,1.7736395389249289,90.82947617075348,220.6076740303461
291.2751753662349,153.61662115106108,33.44258089530972,22.947849061384122,2.682909520839343,100.49703253193246,246.3007549126155
254.21448770935552,58.53991481070228,39.07797491461628,9.876292331785365,1.8311411478982005,74.17088711968286,178.5956917159614
253.11532436622997,204.63126849080373,81.42153472955297,15.0643049493404,2.4494671608831373,84.01902478376736,268.4416058572562
145.92101634054137,117.57509573379302,31.482187879382536,13.487493957063093,1.3460527537299292,14.81276016924153,135.04036331901713
130.2976556779229,128.25170274553068,25.0169715673843,77.89999023715927,2.2745938007359796,99.45482307625984,182.29457357146276
89.28805085990481,136.77018667198888,95.95756180861913,61.22481553964094,2.7478202539805823,21.402609804762285,230.65694927690652
26.348894028768864,325.1498411764121,5.842012085779546,77.48539429102583,1.7591565947943983,70.90204320763127,203.42557923514636
260.7694891139654,224.88128513659672,99.79298128978793,36.29975794761687,0.6242769366309007,50.971713673437094,261.5661515031975
245.7412926477225,138.2969256792814,69.29802339145259,23.712741569687214,0.8795130835875746,86.35991302963983,226.40967240886627
299.91812525297786,251.92683765814897,83.70458344766612,64.26686938231657,0.6760692730024768,28.67828697324899,297.9528335462938
299.0246827514326,292.1372562048135,32.98884265288835,27.44780560720945,0.8158853800276255,106.83007627626455,286.28341286075687
171.07519462476196,123.59712027874284,6.359951378370698,25.351903149017165,0.9886048031180055,121.30161516998585,152.90448114922512
233.00635040234803,177.14865857963358,75.09760426334536,20.135467392210835,1.7098879815842467,32.86962296404191,244.6167461453383
283.9820616659041,66.31671546804007,84.2437367150642,12.114960301490358,1.805175725445115,24.603832229263503,216.61091077201746
256.39774329644933,88.83675282317851,75.34523253558432,22.004118759307744,1.3368492670013974,30.37216759023028,198.18787054791864
81.73094950552732,278.82478450669345,18.570777293579667,29.71494038096324,1.8847202614804228,132.79785866579024,204.4114929693577
140.65779923992713,88.94657212433825,76.57565261441206,54.571548235366976,0.3365672842729612,83.94649664588987,190.9236498540997
47.456230393933545,219.56208579348285,78.04766430022589,6.880057693117223,0.35458588746866393,75.41653944105036,181.40093125785933
286.6747979050295,289.43757945452444,67.56134898865521,18.41954129389675,0.5983054350372095,24.9396546743296,253.21303284803255
185.7906439907552,60.61323077600266,77.78101361558069,65.10384394275076,1.6024247443169999,100.93784094597466,222.93389317458448
76.30641359600419,235.57864345898335,85.36253676938455,13.459910039534119,0.7205845682251093,131.5199428653126,192.1583802159983
204.79319847769844,117.49385780651824,63.29239085255855,28.72632142875668,0.9215247701284742,125.94602170528341,216.34969495717246
189.25718973278978,385.9122125902803,13.41744782711951,69.44339590493493,1.2609072249016828,97.64765925731218,257.98695103161435
113.86718822952375,203.7473457535714,51.32464191838503,14.084174269188527,2.4544117596301014,20.53902033123431,172.80423400721892
42.93170173789242,326.2771689145601,12.376686793802481,8.453473178218811,0.14020019414729434,25.735583804641813,126.1999514763888
204.75622672191187,229.08608601937948,43.71658794808093,39.793963616240845,1.983198578686205,16.903258195375454,230.6735218475966
160.88923326210005,36.49676248483128,43.675116466934625,25.58872187972584,2.0397419400179873,46.0470903089457,147.6988873669885
233.97233360333541,260.5975227257285,11.27093519332295,45.94585242974062,2.416101763034246,28.992605402452885,250.13426855505529
160.84741532247807,381.5332700385297,38.13795072710054,64.69678145771107,2.8049835232749083,46.40672563534074,295.6551524644369
257.13263509237663,248.61249165560585,15.54481938517491,12.697582075913967,0.1583997619529405,63.90812780065463,214.2658816045729
170.0529832446008,331.2917665821803,81.78234495087611,47.294528595234226,0.5459727459883269,142.017589769959,292.90638008106254
172.672011745262,355.99845607239496,95.03036246662472,41.42968331040939,2.66989675276238,95.45264836943689,316.8986479148793
264.22954477092003,106.67031334059433,11.870065149504168,13.238145309029566,1.4297038303423446,126.89632999561472,186.08988000562002
127.01003120159514,100.57703916512612,95.73594469271163,50.67188187126063,1.7373128529070443,109.44921009972651,225.33793193036752
48.864416250685814,252.17277576337685,54.64477693699079,23.343952593140187,2.0227788907971274,25.750438273728445,169.09665034869457
18.346976130868303,176.1908185265478,33.45873940561802,40.05107684643298,2.069293153037348,113.02885689235283,163.04617174778545
228.98980414534952,339.14729508935375,12.301897151235533,8.417241293610827,2.802047169617874,48.51384341827742,272.4006875159674
189.88976989250475,362.00878689124426,52.55930546668969,37.847556462662595,2.991153310493842,99.47509857925888,304.34710501628365
214.18313274877482,154.3001241350329,80.47897672662113,25.904150507339985,2.1884566366997267,57.73467631001839,222.61494831051553
71.75960683758412,110.01081241030319,72.17321534033633,66.14573447245763,0.9329415066949374,149.6741168570523,172.8307072052918
49.54772792016323,316.5996957926675,9.771471089077508,6.444340705794726,2.6512819666535963,46.897207129548896,186.2601685067745
14.21795304368576,124.42629350829172,11.925674359950833,34.65136744362974,0.24274065216820867,49.07826590839775,79.26169371552172
111.67039205391312,332.59344103519777,43.27296185010052,37.75765108225217,0.7701344733360389,140.29411577873577,229.69536738852034
181.0761291878436,181.02053638652987,33.052596934554614,58.55047395133126,2.702418580644773,13.450216649085174,226.65797392861953
123.75077307892238,273.6689617307588,27.076510690324543,46.79443085703646,0.8429553918741293,107.53645830224757,212.3589707528742
136.86772738688143,56.30341925717391,31.69542739632779,54.04256230114612,0.7398880729030706,111.54569470302293,153.87211247827972
272.20602140318704,257.0665433770978,81.33086061320404,62.60984428083698,0.500563350106717,127.0930008374559,296.9461767896324
110.9940854367571,191.67171792014707,93.27666509502612,69.25183194533872,2.591424097176058,146.42150348938654,257.5200422786266
159.05695185634514,242.91121600668015,43.48475598011881,26.4822887443527,1.5501689516541515,146.58426868193135,236.9765197689017
237.2593736949315,83.8453989430481,91.08054520258722,43.96577101838443,2.057190288857049,19.138746059304946,236.90988064702623
124.99740687316834,300.0120230787892,35.54209161854878,67.52843011825759,0.793292513817586,125.05750518540636,229.4299284413293
190.40514306608333,347.86288946642685,50.2615137026602,79.1771882152744,2.2983172209325278,100.48339071203338,315.65898598192075
260.0854755365561,102.36112403449475,26.472754792519975,71.38250626141352,2.3040160803900855,100.62789881223277,239.71291324818964
285.3609808607162,56.37153109766145,65.84522400670518,30.97444648470139,1.0065342722340704,27.968989726057274,198.22539960533732
52.651309469421,28.98266269760783,98.00320594160685,17.22298834305473,1.2909796357298202,101.02620330239147,129.14896854093436
278.7104112968334,263.94917016844107,62.33184412412097,40.17261791771392,0.7081018045475824,147.5475612841747,278.49796196454616
152.71372499306608,250.6957337137367,38.99233799078714,59.8480332432113,2.9320269676364226,137.65459973552257,258.40085382303937
84.89087260669793,227.74501683134662,66.5426573691002,40.42038751875721,1.9722474734693938,71.47829251267908,218.6322556608605
143.1493693090958,108.13989652407066,16.67746445421182,39.68810733846614,2.810177254074995,15.592716260053209,156.77249927545017
294.20944683278833,168.54427844409557,89.42261262521286,67.38197284438044,0.9798180765244862,60.72108860002868,284.317862741716
152.8592472579322,245.90100737074576,52.79297532408445,30.189494767240536,2.3674836476909804,125.69464362407773,235.76882367637364
105.33796698337738,208.77140636648437,47.688225493766,69.06398463530836,2.3209900672657517,108.20987420512324,221.76527175450659
193.6862477518505,395.3584976816572,60.657154903084326,33.73077447423444,2.1058013904129704,74.30811178315389,280.68995967717797
79.642229445676,71.84710597155859,64.35446696499324,27.602182242910473,2.900353028273721,17.71421492223635,150.66755098717687
32.00036515151254,284.15493053808564,11.818701591518739,37.41121307357652,1.2413104747083152,69.76526189526237,154.47910841535779
47.37511935408828,173.64113187963102,69.84863601622322,61.47086277663974,0.4790802384102961,75.66349156050369,171.40878163219054
47.13329329775401,182.7158536717336,27.98350962997531,11.828158173391554,2.047955691807776,139.99777460517905,157.3239577160088
54.05178111856536,292.68715095010697,72.82550008812603,17.320698838017357,2.214998421383898,99.75205450150233,202.97397317588104
50.25988006832894,283.12573750326044,83.14080546649869,76.21269640172117,1.7676756630305626,53.631408331650846,241.11590381129355
195.85367599293224,396.6772776068316,81.37605821748943,15.688346935745875,0.6997718900868491,83.54455702310099,283.32298223573184
62.745224475751996,68.78982999256759,57.48759190374947,46.282730798622254,1.5629222308411306,19.247743095102408,132.6462765830442
110.24351216392033,59.561666765983205,54.41613976952136,47.18652839963115,1.0053502360504754,146.15955299096316,162.42919356198985
270.0686388727434,295.24875050892166,18.57321632724411,40.190708039919095,1.3396529316833983,60.40838627030164,254.84026127516898
147.44887567623297,239.78702846243544,78.65788428829788,52.29012938899185,1.9711338699495253,76.90142968783901,251.3807714609964
203.59174417109787,124.18105329272623,30.783891142437867,19.92648461221424,2.26112275380342,59.739756393169166,197.7452675927978
59.97276264847265,50.17936021581491,52.186065167704925,45.10765688658636,0.773451603613895,105.55164221626802,108.15152625205616
65.76381545451453,52.5501348466436,32.006038828114086,31.02951390925798,1.2754435458761648,102.71250216614303,111.07549213520647
21.85189871727887,359.792532372365,17.713694484970848,53.610046251076746,0.8805685558757246,110.14512347407899,186.7998423440577
58.99116829092772,92.9095833931223,64.80798120471498,13.015436383105659,0.6760316801994204,47.540052145668916,119.07204093775748
90.791198319268,142.88119360389788,10.161543308175863,46.528438513479145,2.371822937987931,54.19358736296924,166.89115425220575
61.333040440256575,106.12943284625544,76.121297241989,16.45108771989925,2.736832813867278,27.535172353469115,149.11248676785743
35.72373478954613,154.89859621613618,35.170745549806085,23.73415892297284,1.1736733384852724,101.77139605845576,126.70836039282119
44.98440261917423,46.38106024351548,5.012795835426106,19.05936442523949,2.278708880683924,15.571597826991358,76.61505050379138
143.62584272949047,217.24272054514273,53.55726822753683,16.261346829767735,2.701286339156792,93.67552697328426,214.12731218770827
69.83677833767983,45.69277416504166,9.450931310122296,66.40545422173203,2.5537602105376718,131.75742387922872,141.701852464312
115.63825970394188,324.1354729724974,31.23610799298545,24.285190277549447,0.6301588267637551,134.71650076054868,218.48391046133773
155.9910085479085,108.81059112596455,72.16276630829303,74.31565498542705,2.8732464563887476,72.86528645179465,222.62846721718878
210.21450030251594,225.20452754971402,10.955514054077257,77.65426897692488,1.1923616772454413,74.30251634983033,234.07167368700613
21.400520553918692,354.43005327335413,84.73715677382022,46.55831665509359,1.0837979174041255,20.77568562112243,192.40376018051563
241.82901568362237,267.3334002379338,5.362892652565395,13.15408756792666,0.281050849105563,103.907103562025,206.11020920489807
192.09111295236326,222.5239588895074,28.448267574180715,31.214762983607336,1.5099035969041608,124.97631885219837,220.61889960593183
33.71011926517285,143.24682618384273,75.38588533444678,64.22311654116069,0.4161394853586933,44.251707644659824,165.64221557092338
263.33780099096543,146.54072696211523,35.045664224284145,30.656476838371496,0.8207654806895354,68.98212342867106,209.01285928732733
277.0529961542258,274.40504297531226,14.679776866271284,8.787343027617522,1.019133603125116,127.43750714713785,225.10631972965066
27.712608357910486,397.77295726404367,39.22222228604065,45.42922305239866,2.445596338125884,132.79686547272033,219.91930451802082
90.29451796268908,271.4988921427639,30.687362206529926,67.91942641669071,2.6389170861481,44.04519723699163,218.67269696325477
243.79837113998778,231.95769860060946,85.05763070525272,64.08225819719318,0.9771523206382621,87.079888835791,288.3933366925574
226.99531021126091,297.6471938909135,34.7680521705886,15.659604930167554,2.590224551609264,36.94904108901579,258.78065108743
63.511095613349426,196.77813266781288,79.94858481872069,54.475639924172405,2.585969718372394,24.263026979537916,204.96270112850564
70.71130376764599,42.854090188298386,89.7278537570198,19.199332547980475,2.317487756116133,137.55687019487405,178.4734134475235
117.43690980950078,233.67279003360574,46.2126548597703,19.020187695069435,0.5254158306440264,124.87105059249528,181.77382306806706
150.51166570539618,383.89760811204445,91.44459866616724,70.17759831780444,2.101936256012114,116.40488625244434,329.08863372531323
189.29388374378584,86.61511809591066,40.84521512650332,21.47417831373795,2.8405697872836493,16.82728463383966,166.600162044817
116.984955475234,282.201858511853,96.58744956656028,22.533293028404874,2.0793673884247554,128.12203097943603,248.439094690666
144.1350676786129,96.35480169044146,13.482504829929429,2.0509644793813653,1.0616888624127185,71.32617062675372,107.79560582844931
226.7665720587894,223.61452009977089,70.26683031780806,69.91218466179038,1.5516800205494108,57.93531726142035,267.02098612885436
20.63812883827339,56.73705086575345,51.91233384340823,63.82239543031251,1.9726026257180556,86.50669054355271,134.76273013805454
83.20671385976601,191.14095577811037,41.82663651828647,50.93165693707289,1.5806541853126603,22.789453981297818,170.5955011550625
216.87137990652022,307.3420649801935,65.10762848111709,60.520729587229695,0.44786353101981247,115.93051690933584,278.79900321498695
269.6099829292878,152.0771792108132,71.86642370526147,13.85978825911036,1.00498572949086,91.54091076436143,227.62433007478907
158.38645821354316,272.66645530514285,5.4145106167793635,37.74924037783089,2.426948488605534,36.12261356224345,209.00418803334273
164.31291072694154,322.2709851000971,20.860543430983878,29.39511221320491,2.5981123336770007,36.352507967666384,220.88806189862933
41.07988328853506,372.327571402192,72.73937481026027,9.314569048047286,0.4981700948751536,35.794811220174395,204.6949375647361
139.74958637880184,109.16399110507234,68.30661428992961,39.91817784676408,2.8619215819563015,17.98033425727076,193.0807192322009
164.45900727195672,171.7400480075371,96.77451298722434,73.81769272672555,1.053585591760967,92.29178291203587,241.652450735126
80.3164460540716,77.91808506555861,77.29859007382439,5.1246112859541695,2.020709842319088,127.64874486239114,176.1732635202733
88.08053697532048,397.1437308201826,95.32340723447712,24.733951252515922,2.2802929232743754,12.449749958234404,248.20823250839743
119.41240730034056,372.26036781123224,71.74134764580666,18.18819302404487,2.454644080449862,16.860650295978296,240.5178984886362
15.820647355540647,225.18370950661264,33.3149598207471,20.57543898592431,2.8426741364551975,90.18783873617241,153.87554372498727
103.4029580191217,339.9726518630401,15.009667613831365,72.85789504659127,1.0074666892835855,124.72939595404732,228.16689257122354
71.31992202899795,217.96403136337602,79.27326701776889,38.50938623027463,2.589668718199508,55.7434446796087,215.04586755170095
104.97423213159524,256.9625614410487,66.19417604021201,38.37135420930586,0.4818920199650004,58.946015833081105,204.39498216100242
44.73101822758285,53.86728420408632,9.577671177363142,61.32490011151202,2.144618628425419,93.48850964954863,147.04857984567363
268.25291141456955,307.002759788787,39.20479426059294,14.050391912384212,2.251735415590559,48.38980447738058,250.9097326023387
182.14181153067412,68.53112378138923,95.89598247100719,40.00669761980396,2.065397399483829,13.725171250875778,210.77035117286945
206.939672551902,333.9056994959608,52.538108842469114,35.53884670144266,0.8317127347919436,112.93199253422345,261.73065132875337
238.8596591961281,317.17067331474664,46.10926792187194,48.559033862639176,2.63182512634409,97.59098781180343,295.7715663259523
154.5482376894266,289.32298514233105,48.48146249013293,79.96550085353421,0.5896895437741455,91.30583986779227,238.59660838694867
35.206883545352866,33.7409445994096,24.843858780490553,62.017013738399676,0.2555408954104094,113.83577805885524,87.63243127030564
165.76089712737885,135.18877525922488,40.02718123215554,33.033524835359316,2.1806484727745454,104.53231725868525,217.85550147508172
180.18392422605496,119.9827765661203,40.13225931878178,66.54913807737566,1.4788795741749277,38.82347834496496,203.79318984197093
226.1774475134557,156.85183483917726,9.973726917809877,15.315252338373455,2.5623842578801606,59.347346572069156,201.70558474519805
135.18126840660702,53.304243770258644,77.91892470920223,4.37616753209889,1.211851709068951,27.6554198350075,156.22223621319696
46.99828781071349,376.04397275180384,44.567921030868504,17.9469730522133,0.5880079066723671,28.179981878503344,166.65757141725175
92.2950126816301,230.444851470703,83.10708924756021,28.552101376912255,2.5256823581626224,104.6674044899155,215.70342970796833
115.29386595560418,136.09923805004894,85.78306010639007,41.82529908184567,1.6918379317562078,130.20401497754975,188.96849805191943
197.31599998616434,170.8529764882277,25.139435196372517,49.98007296221358,0.6486677979320291,144.78256174055946,201.94837445572378
175.52570835398444,189.93696539183756,67.44858080616221,73.02724594272489,2.1891135959006927,97.96859645692221,258.2215529111472
113.26805051037542,248.22584667703458,49.86677139548326,41.7686127449357,1.5822295516195515,35.77418527053398,202.49620952474177
296.0894221499641,215.95818252466916,88.61489010254108,41.09950028080689,1.8525076484969276,24.791048362850297,291.1811513299372
185.67469761349727,369.36894982147857,25.49536452176314,5.9189547661926065,1.4366051807990876,123.79913601514609,235.53559669235136
78.7957696034384,208.84612350421548,69.39225402945421,4.723101107185457,2.5032560530722185,91.02590669039989,201.95461742420872
39.516917059917084,397.0200456328588,62.736451614008644,44.99047702947702,2.5057318754808446,96.55990294192078,254.34412389995495
54.329150363456286,343.54148394313637,33.053640369324114,36.17793183337087,2.15722758329072,119.40469242565929,226.28515051575596
81.32774123150736,99.2339954557876,17.9770858468614,67.4560708084633,0.40566399444974055,108.45881188254323,115.66468255904195
56.59759824527114,373.6261815646882,66.90577724534128,14.533007607523924,2.5326761995218,126.82415539985354,248.60674657925728
64.10443697487867,64.2192311964809,75.16675852257141,3.947789645129869,2.045937643545438,17.869946764382988,114.36689569188641
92.67759892121566,330.6308892266528,34.98459765751825,37.02502389854982,2.1213700814124685,114.65288914451068,226.5414734048435
60.2783426354789,164.63685152110043,66.25909738211982,20.523327426676083,1.1526502371712277,129.11938602509338,171.97679440208253
270.0619731416633,353.6302417691264,42.53743622309281,5.869921120429321,2.6499107128553194,50.05890594416401,293.2426620256953
33.26778624187624,349.8615422408311,72.75465391184868,58.51866637411506,2.2035776406810865,99.6626183590554,235.64849118740077
162.10830297537385,326.251652044696,23.925451114935044,10.704253996665303,0.42651235293466394,53.98268893717609,199.6831691141514
129.01507982700184,320.2115657966833,89.57042525043657,49.44892100060619,1.2825562997778719,144.11594930754356,258.8823985261111
294.88979890349583,135.7780728572555,32.30391166423007,23.921880513017353,2.670503049684411,14.679300140970525,244.52870840606494
42.49128162873518,50.74932755947583,39.93966883683453,15.532691927691719,0.2368704349223991,91.1709981366137,83.6858741414796
125.37812372326508,173.13246793076135,10.51873544763323,31.62061878770676,2.8881081969619435,33.31049658693211,185.3817622453366
291.14642564985695,85.9393156948733,15.593660170521257,64.51277054539038,2.069571448126732,109.71082872480221,231.57336693931373
260.9970665092543,284.08141378293544,54.00688075767117,32.58329899855667,1.9309903351657922,34.624639678612695,268.973051771607
246.95090057529117,151.5178960843585,30.42130428915729,60.560032638462346,0.884621843815175,42.95365666577006,206.98671907215277
84.79181984303256,390.7318763267677,84.37062144550846,11.787931150333753,0.8214961873436134,79.21191354640614,244.57919411408145
59.557400343119085,263.5693893912262,6.395871922220615,62.27617073387617,2.8319688365169267,138.07689299956294,200.86998504926768
203.906533778085,332.54261418105716,41.01393462383394,20.480799342718594,0.9649901172789559,39.64001210071592,245.02296671469006
279.5190368469999,70.3593756419024,37.047826943063804,54.83666413133208,2.3489653604850984,30.193602956534495,220.0111326847655
171.46123897403965,347.56550326359655,6.836124937172098,46.13096127759771,1.2400532148005297,116.25675645956429,222.11381868480154
175.76767994627096,370.64773239508986,16.81499790504847,74.47328794251162,0.5038368052756416,80.08673452675033,246.69879271794025
91.19393716148241,205.08352915119565,44.29605411727035,32.211156402074494,0.13107436331654096,137.64991573344798,158.39086073416036
233.1529506256617,250.37611634537143,51.82213552250743,7.160884729086355,1.6783462773442275,30.52603800237792,234.66716782938613
64.24268708168178,310.62772434313825,43.407525989212566,3.4941278729977263,2.9297585737919047,100.4299050232255,198.80525392041937
103.86697855723067,86.43867835895676,55.43907944914891,66.49496775587474,1.1704949620466931,42.60308046125411,169.32711800810344
133.37656719876088,210.97510905610812,61.53750911603974,42.92937973759171,1.1358577685798301,31.946460011229505,197.54675486216956
157.20700981849197,171.49195055347897,5.942763007144385,62.469036043126046,1.097865691763382,105.68011812201787,184.9586139725571
80.29882240037327,75.62211702165466,49.089040148082866,20.285196800898145,1.6095771281840894,93.11584678722265,143.7279342140262
43.302679174369025,159.66308047078195,96.5324278843209,28.916532150032232,1.3779281619304513,115.67584417072638,191.04087922045153
187.07981230807346,45.905477566487555,54.30806661230713,4.348102032482878,2.651752417508342,53.32476070246553,173.60271006222308
93.70286043967417,29.808524640805054,69.36651540860055,76.99640131678075,1.566010295998122,72.7160318935066,156.86316929484212
178.55908421255756,71.36318987883266,34.6270665021039,54.093696722663445,1.5724977307468495,66.76603468625859,159.85665564860008
54.76518742951867,385.9837424038861,78.52918092451245,74.78999684522589,0.5012776246896141,147.77252495531198,252.42687646134846
149.53062953789706,228.82122364010644,78.42754077823093,22.708719779467643,2.949944668640119,50.9148539435143,235.12952161568813
164.4509354399599,387.01242123822357,54.5231245271432,49.69416167560155,0.824921383519606,51.274413368547364,263.1443340579643
25.028825678503804,184.34919376545014,97.7213132115253,54.922997526825746,0.3127557956328477,59.63674923600503,164.57779306167805
107.61524067623697,138.49013057239864,16.927270402452073,26.7688766200919,2.0231241220281055,89.043171380645,163.16876182079642
48.98025631230253,212.33390787929275,6.610028164510195,68.15252033121915,1.8265624734549308,45.32518419692433,151.66819318152645
28.378741437102647,187.01444168050585,78.16503011692411,75.87859410621932,1.3039223965789626,138.14059165309834,198.91068681303162
297.0884673930841,60.15258001946269,81.67977604966384,71.01869918028834,1.3243574782539664,47.19597908127689,262.5428086050487
103.48261504266966,263.51399958227836,16.419686766454745,59.64722412327106,2.3766853710346503,135.41420241842724,226.27404320201464
244.8635892978441,102.09450935364785,30.230369131067576,23.642245018546415,0.6675666562889823,24.486508910521852,172.8435587226992
83.84578988149151,255.44342286117524,6.667474519829746,23.966051284239274,2.4787346249401803,101.91877833595132,177.70018378690787
207.6357894449395,267.0764151112983,32.86431802415365,77.14210499479096,1.9813666302955526,136.97797258135412,272.25066362680724
230.4660793680091,77.76944418888628,78.44847802227379,2.802190682983978,1.3150123439606207,33.62492137575214,181.93148406376605
182.73523477627484,43.3128583020539,54.206250132695,57.85189791288727,1.428282988093219,145.5657744138957,192.66498148353517
146.75709467954593,316.6894027060071,38.06908135098737,57.08720067931045,0.8442769008396778,73.40367045817163,239.99625382554078
129.43386510270787,194.72416103234167,40.315233016101374,50.5697841940842,2.281131564821227,142.40011518174342,220.14294005323296
111.17179729746864,42.1022422920808,5.128594442969475,79.22848999477553,1.5873367526852764,104.75480610820658,131.0540750878893
279.5634518318695,398.0492005245115,33.48105011869741,26.326595989570567,1.0304781739745463,52.22216178229721,308.07536685278046
250.87962825844144,41.95661317861932,66.4135804556034,28.51780537587336,1.8285453357067558,36.3623534883949,204.94618886299307
289.8578040932886,284.11338696625023,97.54847216255392,8.157273429831333,2.987629910948837,52.52290647151391,305.03445369304217
46.04619481080797,393.7979916000972,85.47077856347045,36.538254650411524,1.362260611004006,23.0224372967745,226.72937721964712
221.95156780905683,110.88843960205173,7.241521641325267,22.36178504631815,2.770005062257997,30.141515288066167,186.26020733195986
282.118732478101,74.05476010113455,90.36325744410973,28.78416276985625,1.1005488357812419,24.652461648507362,242.1586026723686
62.55758918804144,66.12627698052299,79.40384926336947,67.09659963993896,0.25872485008245905,69.21209612381809,132.69369554077645
29.283917536365472,135.24455607568632,79.13573173924314,74.96779205514467,0.6923021084684438,121.3809726760621,181.67340226416886
224.92498829411713,58.397408184045744,48.50959710533929,16.48717961640448,1.3142159156502842,29.79369759028763,184.50540836680162
176.59720282217444,283.0213098437701,42.81050283067777,31.055696661170337,0.7369412929242501,28.244860644127023,207.17597258293605
254.1303452598989,43.67088328942383,33.7769942391533,74.43318384500074,0.10065841083294107,100.08005293242631,190.98694211715608
50.533989221623955,213.5804086969201,11.241011600664748,6.821059933759365,2.753504459467829,37.60561747552928,132.90345313838972
240.62752043936817,398.74480446413116,26.682359531901415,9.204121192687523,2.5472502925696943,23.665405335258825,277.3931498752654
68.47192281384591,329.3087024122871,28.427345322912338,14.69769715808589,2.2526474713121467,33.35880094878087,190.6822081380239
57.46022343105431,253.78338652778413,50.98732162246915,48.42660106189623,0.586662327373483,139.32239542274866,197.18571281116223
57.637081399987956,136.37637589891244,76.00721862668593,13.736837138467802,0.4490543710089595,125.00597538866671,159.07934042798655
246.2266688671008,257.0804177908226,50.01193369780493,77.50995775315721,0.29605377346991113,59.56903872971317,253.2505856811235
202.90719400189803,220.27575628642762,10.495222697480258,36.84373312616459,2.1996846474414715,101.81490742583499,205.64960522278707
161.6889731830446,181.91168587834116,95.99003109387937,41.118400907312974,2.7935430859948673,85.21859431352533,256.1367315065699
114.06084039581572,69.6699431612758,94.55881031394067,21.239372032821706,1.3485538806478072,104.79739688755895,178.00345419839957
264.3881568358014,356.9096017913774,79.5930065990988,38.73489968990921,0.4455079487885397,105.57396134478631,310.24298545378343
123.80908115256426,190.91816655210255,99.17615064860095,53.6292633456869,1.585939180123109,98.02276210839901,233.2463121370965
246.81383744675736,93.95655449189073,56.72582161602498,60.591816682415335,1.1116125316300274,47.254191595223205,218.61644992722722
137.34912348536335,159.74855333337004,96.46299327405458,60.80171045137322,1.1869922806149933,15.460898906794538,227.194378658382
119.3138845332232,177.36930596099228,12.182478858591324,47.07550679013889,1.9018588100515512,73.77934947861523,178.88468004793262
144.17713784418586,334.4644003154122,39.73967108483028,72.54006244952086,2.184282528460387,134.73634385669854,274.1018315561713
97.3995835076012,298.7734646133328,26.411220460642753,65.75781208987652,0.4207504367321665,89.72961619260063,196.57271272690696
226.80672025111284,312.3358595837091,23.60414299275565,61.04975294649278,0.20321166933878154,126.53474583826711,255.7674088754155
155.78891312681895,24.191880482885942,18.376280144804227,6.337230691075929,2.983557877788573,148.82740801457194,174.65376221606326
77.34168159257702,178.13851930830938,64.12929594876968,2.5364810531326465,0.7749122118551003,32.90626857935868,140.495976323788
270.87662624962485,202.91077762142297,79.22557629599397,18.57088762124689,0.2561085222345313,106.84886947987752,251.05813165878305
121.32845419823131,27.29306519276154,59.938347944934264,53.754840325249276,0.6506384543781679,104.40110031800344,145.37639133661634
167.6303297230567,118.72901932311301,18.96145741087992,34.073404132838576,0.21297775441054623,147.19376263015897,174.70766661571344
272.8769121797186,308.9101327864113,82.05675814367973,33.38768822534632,1.2362515943897978,147.98410275339205,335.4906707206639
191.0290188150577,72.10168817701964,65.4156971805542,70.99777728190988,2.4269651749088403,106.13500564137813,234.92803017463854
43.90043180542558,223.41784995198483,41.875742082064576,71.85390215428342,1.0896089042973898,44.1060708775072,171.63100081196265
282.5513158479078,101.77671136655024,69.04237807592598,72.91567059617968,1.388131879947263,121.79781733828386,266.98617189138173
192.03533539071117,24.605894364679443,29.69097302806912,26.48248996817213,2.059201643345572,24.984078789545336,127.29350378685102
107.12262825055498,111.65655388782577,37.79325980695,55.902353393662416,1.5757928032026527,119.29790258402802,181.9211312552645
50.3889010723823,390.83202686582047,92.16115509753907,23.18738813940083,2.59819248946184,137.4274573802575,272.09559859486046
240.26730488838584,324.5841025155361,32.597928038784936,16.867566979807084,2.611503457632694,63.596675267580935,277.6500004478035
189.82109921926892,384.63912484199267,49.64888547500398,16.4013316730948,0.12874101692434556,98.28894129763127,243.78445583440953
164.70371667313324,205.38453669201772,89.56340805262138,28.684394427360335,2.3563342888012775,70.21998249355568,241.121531763071
269.2288490847777,61.699755497451335,72.23352827541511,35.536694342826095,1.4361274407008542,71.28710769833799,218.9990142049573
238.69319125511393,228.2246058100033,10.909306485646761,66.81403534229533,2.967637569780623,53.451924475136806,269.31843809004937
53.985715122497844,192.66338713278515,18.993789206502182,11.351505290871543,1.501373020038762,116.69814686304545,138.53795466533137
100.39939966070898,340.8556914410541,5.744951123332098,59.32421609680175,2.9619982416260626,141.06471898331074,268.99506666115104
82.06185054619506,57.27138069801294,64.93757007177052,43.45348330676582,2.288251147496636,141.70512029282455,177.66885358549197
225.74442484607633,205.5316320682757,47.52897541398974,24.459736728727414,0.8209541653785883,34.469379882490735,199.15587502889048
19.72440607337602,77.01849258371402,17.756110835716175,40.43992759356032,1.6613454399321772,132.46411095191922,111.99648135952143
175.2680086126818,143.37685221822278,96.00374150039319,25.395481442607768,2.97719335448789,113.2404017997971,244.20947418779298
231.11301886480027,300.1956894073639,55.31767377483389,48.494392508587865,2.586838762480579,45.3972360966405,265.8799188456601
264.2620346609074,200.8868891601313,27.979862940724473,35.839825982709044,0.3823639919945412,19.41984580901204,226.29284981105
109.20370712761317,162.83754835539236,52.557339259697216,14.82363126815254,2.148478790748989,47.51961736381291,180.24149730375504
248.16461835488371,169.90098585661343,69.56393160983524,11.093479815344343,1.1021807990253578,137.7091531494136,246.92785776676703
42.08320371701009,194.5897719942749,12.242725707488624,44.64226320162615,0.12024855945300955,98.64501448540813,128.06374800226658
255.47116460301027,318.3062866580816,31.096862429549738,72.38821659631607,1.270094810178299,110.94765252570205,279.953354565407
46.9717120762749,358.99218179728905,81.6617216339794,28.828699551499472,0.7807878230024167,46.00132915527342,205.97363390637062
125.21331426250651,383.02718087149276,48.66816268825282,59.174008363364614,2.4747208845093676,110.71434178047484,291.46287113266004
241.21565607607056,319.0232867770121,56.92482849306801,53.37558568530182,1.0782587656527198,13.937010878909327,261.4850217647712
53.4760539311444,139.85462038424484,46.11752020989958,74.66128331613952,2.4998187124660696,62.54498840822193,153.03654667786802
76.48290461746603,281.49118831288604,9.170494551085486,66.03651934933299,0.1017340226209064,97.74546879592637,172.3651187668596
219.45324483398923,186.28918714104893,20.746229082914812,46.195210194626114,0.9926755350757455,30.45351917578483,198.77665794399007
218.81059559836157,116.77483637749944,47.32645568047963,53.24837886226037,0.7993791214925096,125.22050042257086,215.96717306306135
195.9328135367362,339.5312001818506,24.872619213753143,72.07414439355472,0.7773453470989719,42.90438183366861,258.71937220264255
211.245048895459,34.6020126056835,9.748007722669481,33.16246519778092,0.29774119731984183,101.31935579458248,148.414707813407
167.3900885708029,362.66955701146094,85.14671808492325,27.489987056906635,0.642660384190455,66.72759996054616,266.163050718572
83.0217270830163,195.36143655739897,98.213290270591,2.8432645235453142,1.7110937526682977,93.4461033668706,208.47766906881913
110.25183811613664,262.1365611871465,80.34857302969024,66.47098378693421,0.944947111229459,25.043077368047136,208.17946364779806
62.66333787241344,270.55449043819743,86.10956756194336,64.47649463146246,1.3104448687545291,12.367791989025026,217.31171970721866
273.4506627867522,360.1447414684838,27.98782738011931,10.147452411811807,1.1929139530068467,137.33901983324216,290.9170070843441
179.18362048217494,261.9344792235388,96.25956267375398,46.99487572835062,2.6401242824996944,47.74820122740559,268.2628490505334
126.24691086145558,253.29476220882347,23.707941923075698,38.19057245701722,2.725367097130495,124.75478038926427,210.6100008375697
143.9816830567985,45.327775413062184,95.38583198437406,11.259309449710694,1.5295752178019941,149.90904206610801,179.51817517761336
284.7121684874264,216.99504833917754,99.50783292676535,78.48432171073644,1.0574522559152528,39.60037611984757,295.09668714569665
54.47190690366326,77.06422031047583,72.61366654587464,18.746279222141723,0.40972204160685455,47.12390376566978,120.95417440546477
180.0066512848712,300.22483211416454,98.20865452022308,7.244266047063769,2.8648683502080754,102.8003702688532,282.00514735384434
156.70771687649514,214.6443299088163,59.10627905887485,48.398095601148945,0.2746581402108626,145.16280884408698,211.32814964831064
187.32172827604788,278.48655609917427,29.656469401728582,59.63160081637655,0.9631858049480132,138.21400874670414,242.05859164601227
15.251953308043747,35.83570222890602,46.51460913823398,4.530588791680583,0.964391983393012,80.40257280918189,88.75826952494366
262.91593359380397,52.220966097405224,61.388288860984666,53.37997582070773,1.0291637298066232,121.31543955374146,224.18660209530498
280.3143019202476,292.20288746381925,11.942748392566424,43.518766324213445,0.5764318454899869,29.004419433986147,241.3664705204693
173.8886232408706,47.392047679495874,64.12261013863838,10.054670692253776,2.371168149678722,146.8413457885617,191.1097014453896
212.02873892429875,47.07755655079826,98.21189449241798,15.456862401816242,0.45524379970136875,145.0094527650381,214.34148132311128
277.52482054141575,24.60122058925723,23.060226729454126,46.30199519065428,1.941229311544172,32.92205410308394,183.58856125409005
215.0992039508856,383.4705313538024,80.29653604739642,25.115893854036493,0.45915347744687063,51.91923747243493,292.24294210754215
54.23632244513579,300.25317659442265,91.25038540906384,75.18862683480265,0.304553349019574,24.02169965094737,215.5926297739189
177.1236244483758,154.2355352307844,94.65165131792098,65.86173789975595,2.737345560689042,48.04046384574516,255.9060524489474
185.9473634510282,132.68352088930897,96.21288241851748,78.71824210806571,0.6513734223242464,124.23381051812893,270.89722057017957
132.99789467769193,152.88722730342283,54.538665678539836,22.25432543813229,2.4816254482231423,62.96418500313633,182.1765120142821
223.5688283311696,314.3683418488491,97.84425125919284,77.63844335824221,1.679429526210694,22.375575400546172,307.3935066993589
280.9664342830143,271.3208322067575,76.94446967777169,35.636241843741516,0.32578390686543185,57.91157346904664,261.91238700891756
278.41486874296515,90.37431578963782,20.35878644251138,29.10646603447286,2.870799755170396,147.3936667937792,247.31209650849414
140.74341770719832,86.16154742695205,50.30551011445715,5.927263103609553,0.8161873842764883,98.15570333628841,164.0586096993658
42.83903329381902,57.39034689109098,73.24146166034038,6.115690113049005,2.592971501522559,68.2625324968621,150.60174627384083
295.603947699077,270.9150334865085,28.497330002812916,55.976877963839065,0.5895490167752361,33.3153918896178,272.34872727020274
253.2804450693209,310.4616116442597,65.8584424371443,37.71846156585418,2.5764343582113733,148.06475161971727,319.10821878537433
46.152177548947385,120.71764276350153,68.32704550942883,19.668686830816245,0.13836355742535256,124.91886129683803,128.91355041554425
277.04414595903796,27.95908519174687,20.45647566181376,49.889683893368144,1.584163324051494,49.40682234312872,173.3562278893691
262.2699449980172,51.225233641042394,58.68310468301185,21.722933223508672,2.331383480322515,19.809617400966523,225.63828854992997
160.4630365665609,387.7868132411116,78.30455654296773,47.05527683886496,2.8109070007290717,17.927578032858126,301.4705323431633
181.46987636602947,132.2690154414197,52.39508813091448,30.018282264649848,2.7366861949988124,26.852940930774736,200.2161612521536
125.71078412233777,312.3047961784908,6.149796093730205,66.23707367572189,2.47691212168817,91.30760170601903,249.47993805297745
25.880875258389086,257.37215616462026,5.858654562532757,66.01430053980879,2.675754914017782,140.02687896876893,182.50039429658628
107.20720007731127,165.13706306810045,38.91778767715116,39.2333310535473,0.6777370889275218,79.54407992083783,165.5324297447261
242.8275000934233,98.16115963431095,92.9884365010193,29.363890528131215,0.9241344575640134,128.01236754386758,234.79255412166518
11.343286671334829,66.12683890057444,26.724294062342832,30.279664131609373,0.9380087222710697,72.42412678037309,90.49150243086032
106.71475979043181,253.70492785476932,65.26455044281028,64.845733002121,1.1934563999049266,109.20169640749553,229.48542892756197
125.46892114137356,314.36083664235946,26.097207715865455,27.597999658213737,1.2406299441170472,112.46218322011012,200.54575080254895
165.84472485199763,264.6836163456296,35.55864901765712,18.306631149133988,1.679210441498559,34.35491882646741,209.04638394412143
276.7581287597005,221.51481063468015,85.56399851214098,8.605690666273933,0.56365131376268,60.570248256613645,263.85639991122235
110.44033836612876,35.94146490402178,74.24183701564495,38.40206342898386,2.104615324979369,99.22230191532334,169.8262349407523
110.61642854990603,388.0257354858658,14.06293134475501,39.606303715747664,0.5859429639830688,19.897525145811265,209.41500343524817
223.87536195182702,323.51139282873834,45.72669199371119,67.59087941142676,0.9998945981031878,60.61562628681392,264.5012669034625
141.14320285804408,131.2723739463666,7.771127546300125,19.25661832279299,1.5597008787578468,84.87192527936695,150.23726932084676
75.13539865259477,392.38872515636325,50.68456392728586,31.71731934613519,2.409677628418084,149.4714290262494,253.83452071802137
141.2074596784811,248.7150040618024,67.93123111160148,65.05564763370789,2.2444607763923092,76.4346987671417,260.8077073741081
50.84853591014196,241.32061011875365,16.2577492418244,66.24264163841994,1.9720496335905147,124.2479459960053,190.35681708966624
61.15222608680476,304.2678081832222,32.444069196370734,31.99966392634392,0.5517424556824935,70.48941990932649,180.4822639511518
154.52665409444913,328.4725194742523,42.79447942270491,37.81167381636111,1.6864315022851755,121.49470116675924,265.40745907106697
131.48838035631888,269.461870785971,92.35544734232472,25.65629948624407,0.3535948552196678,93.35807222681518,232.56705455170763
275.305311309749,68.67638361915601,99.35922646518158,74.73928051670634,1.1943532127102874,134.12336181033578,275.1813706427664
115.0942307438236,148.54165227790938,9.266573404583507,11.254213727843265,1.2991979378408816,67.53195732901538,124.79947683587623
178.3706215806326,372.6717833238989,77.29575273206224,74.83245499411466,0.2154531743926861,94.60261877500704,289.06792302994
193.35664349666382,105.35393250066373,40.31378630822261,55.34158324315677,0.8945654884629183,98.20261528663583,188.53600191948922
13.797392410616755,161.42346905825505,42.2835276918006,43.462627909565036,2.8713834550728192,68.43361185206626,154.3642628810494
202.42583788484606,184.18921551879447,76.65517246796716,4.547406741190678,2.8655345627060997,30.20368611624741,229.77232081729088
61.630430392227915,186.97389608389184,92.25051105381382,39.096502962116645,1.121748457332364,23.098316967726976,167.28953360111376
288.710392066142,252.9170413479197,95.3382164777421,33.80435219021312,0.22499031595013977,12.334017083948634,251.73264747728643
53.11219104840276,378.3688183429889,59.82664567364048,14.57506733405956,0.6193753240517265,132.29479699433006,207.00720176983612
130.24099588083686,111.46323049635188,38.926510133547765,53.199949073051236,1.2374316009572663,43.10648771341724,164.6078141941786
34.751403742806716,66.17052299434886,79.81716315658403,77.74977077472629,2.8485611241107662,39.61094489944753,157.685737064017
299.09353303532475,95.03878614677618,28.845131409918526,45.85072726303296,0.5094772842578362,113.04495605964917,218.78946437614397
155.63655299606035,357.0314620795224,58.58703273918419,57.75075556262777,2.3141959466378155,54.80225583223485,298.06773185622905
182.6616550228127,265.4081088089783,39.06495384486295,7.339135300149309,0.41517936418660706,80.84625693765712,212.4231420116639
29.45217844264397,128.64457991088085,67.37995200224823,34.57802567372559,2.9456469744347027,32.75154914164388,175.2616589245882
227.48853641576156,330.0598368080746,27.837896724883155,11.075961842830678,1.2066878474164915,144.3644010046757,263.138561246582
70.87262199771988,347.3205986181057,23.20132984480845,49.79807517184781,2.3481801628072625,129.22139600241323,244.10714374978465
270.435743937807,341.67544870230563,92.23271323416652,75.20160834070406,1.0935141401522823,130.93054721510046,338.9665385372929
69.49049573978208,369.1920827830307,14.671349880206005,53.6186631327878,1.9202397437605452,66.94832480008073,209.915823071544
65.29943899246331,115.8515876658774,53.06600123481851,7.990637768524879,0.6568466457461065,116.7305699190042,102.5175831305198
20.599403675947514,306.91593292358573,25.98101438148585,29.66396398883646,0.5234609559611914,30.14266175456922,156.47703340151918
146.89941408189978,195.00500896417321,8.698346515938407,44.95174359638642,2.8203860047475806,11.206660362849238,204.90650997175058
173.80392864615877,339.9594500982234,8.421787737685507,33.45020497839367,2.761177105922857,12.796210560923937,231.7327078672936
29.055505434222187,296.826457321413,21.646068350053596,67.02423281706345,2.673659926617359,92.12424323663846,203.1601272712924
234.90300884155306,315.05002966989537,87.34318367807002,65.54433836737917,1.913757005483121,73.75528673471172,309.57308312040095
141.453762076928,269.34149831880717,31.835480677817532,49.72281956805127,2.4439778125272067,82.52214884719277,238.33728498925106
162.07317810499822,87.42293239848861,95.29362120465309,31.12971972035101,0.30020711704298725,11.044839658410716,181.7585836848726
137.82119661208617,227.11022918083657,60.25411783397339,21.916237153533043,1.0708882214829696,69.17612675203961,182.842965610078
126.22128765384454,394.17450101931314,46.47834802803278,10.258196820624086,1.0097390617957531,110.52954256812052,243.10335234144642
172.2956960793832,376.2074652689052,60.10843929359819,29.682019311951215,1.9433714336625785,71.97711827544103,273.4658686873948
55.01967131990663,36.40601960286443,54.08634659649544,34.227456342202125,1.1322775430648575,112.51068888371111,123.11545538020228
62.75915784362863,82.62962997718611,77.08374410694589,54.71418815811774,0.5306696667666744,42.62265501555687,144.57440869518808
259.91783009392003,70.05693391273353,31.837126267420963,53.336466295210734,1.8297545186992767,123.83988062744156,221.08699063769527
284.3734840187535,295.8723657944123,38.53978720202873,7.468434892018042,2.461713369940336,92.38037366348333,283.73509986079523
118.25970172112835,330.7584253456391,89.93895874065882,32.83022660363031,1.2081581339339222,39.50683392018687,240.79488395585335
88.5159552116306,101.13431919805532,94.91336874928852,16.17875164295423,0.48357927378559695,43.14086661953661,156.36909936369318
196.75986753931457,212.22402332169503,89.79303161121508,14.231391014710844,0.6703957722071868,97.92426503973519,237.1910576786486
128.53290961844795,339.467150644256,44.84755942594479,66.52956767950518,0.7887015849912136,126.19154304974207,252.70129629816566
17.36204314150001,298.46458701117524,79.13472278565376,5.269386903868087,0.969703019684155,68.18788948408172,162.0733264644347
55.284253236195205,226.05013808690234,50.25189466360438,34.696264320365465,1.9641057044682966,46.16206007786291,172.33621182935963
217.63194636574528,244.3321223743337,52.26628595387971,15.119885149788418,1.8427419051593852,131.38162496748407,262.17627458009963
201.08794315394388,213.1770078281864,24.444610360441974,70.58775682292098,2.1186315985444137,103.69756084511688,247.24487611618798
17.85783782601021,133.06841150115181,61.15737880955906,45.44916003545274,1.1512557551413882,72.73196821963072,144.89321055114976
74.37192696055534,234.70835728642612,22.682910286568053,20.047689637394146,2.489593190451937,78.30602733910226,194.46509028866373
77.0116910105407,281.77641477903444,36.498646411383405,41.18932839897736,0.6918542173517047,38.595905511095495,186.31450793882814
204.84889564363124,351.8627080271069,86.22786915389383,59.05593605684303,1.4602181678026465,97.75236820907816,311.14838972219513
15.716055948765604,261.7907145121143,24.672201875031245,76.73320469571584,2.422722292470148,60.22395147600441,181.269293186313
40.191488775526416,309.22618407640005,11.760037091476118,19.19478833114268,0.6224600784245958,149.3903247344089,139.1773373162793
241.97566475822492,80.82722128273774,11.555721298217549,71.12217822608892,0.4186030298482706,77.22569213666429,183.57328883041467
61.77795199575675,195.39184027952015,94.37452944779525,74.87572090506424,2.66268350629517,78.02398486654585,229.67623561293624
199.29637127704368,23.546015534295453,53.15744160637429,73.48080247350117,1.0944960220016682,89.21925023749407,193.58217169315884
79.07300650355069,113.73796851821675,43.89414682261674,51.56231983522897,2.083223362236193,138.34584043662454,175.24670741919073
38.8380039002101,296.05545174294184,82.03346519575226,51.1260110459072,0.17351095236542158,122.11453398036504,202.95664221055793
80.51993538984169,396.8877815127581,84.40346315149903,33.45042938833818,2.101135976387404,73.1582097716978,246.996293489911
219.45741023814116,57.68767784314205,36.558148145982436,60.687034819695455,1.0166938034862145,110.61789723619144,185.3419819536671
258.1519757508229,172.56784002728955,70.89371546001055,43.44093343137269,0.26164847540358105,92.07296982930663,246.39366980512932
250.76376072442756,324.0269681056806,78.25666750592923,54.840169555806966,1.8684570084895393,78.93138681817484,332.8598888052412
125.1832235893519,97.53354115898156,67.19181525226568,35.41971650020604,0.7983310666122024,36.92420818980907,155.7428529845863
203.7446896054874,230.93228073486878,19.40153210600944,59.05672419536484,1.221741001950452,74.95107688368473,228.54128256567864
69.44544567058807,298.5670924912764,88.20889293412041,66.30877837315482,0.3336843556308894,44.41460218316045,226.8409983032913
95.01284177569384,254.07447109886803,56.213982509920825,13.422028015019658,0.5267734281753415,138.07790097923166,182.07512380987419
269.9373873711247,91.44939915385812,31.834880505150352,66.96851781478979,0.9641339829379468,56.956953889488574,217.51650285991377
13.77055781811345,155.04613610058098,45.396677616580924,44.14312947964397,0.3603025516244557,143.31696203467212,127.99466488516988
34.797473947795744,317.84087810445095,8.5692535878962,67.88394090903749,2.741396167590314,84.62774061325956,215.0495106391268
70.28701399234792,230.6060753701663,17.14734611612967,35.64153309459914,0.11753642523353741,98.41621301466245,148.3661218859193
17.694339123407715,21.98725314630684,77.72694129900678,31.56515785987673,1.503194634706503,86.01166222850588,118.8274254087107
62.61627617604122,309.17648881067566,5.001105301759783,73.37473713634336,0.45741762858439916,28.113286375338124,162.14542459249446
179.08205268121074,33.41831487729085,44.57375370581776,21.5912028687753,0.9922693594860507,62.614970661111734,153.67552731417084
132.21311967182442,303.37883743786824,54.6384672031309,67.84856137231917,2.78557272347297,23.880455718867353,278.01307131630654
268.8747962123227,96.94261286279021,10.190269900092368,39.75360465573352,0.5689142044945619,97.21356618567344,180.52097596195938
247.05863290414786,384.0679224453645,97.44242548237162,42.09944451899826,2.9009137271831644,72.56238732806145,348.1876007410751
109.12703199238403,159.8174854947921,26.481906468718833,26.060525956179752,0.6968036932693229,118.91789601993115,157.0671746494194
85.23279569507481,144.23401420847006,33.89887836544668,46.697291648283226,2.2505417145538056,40.86586733991177,170.8466566902282
120.1107983685074,76.57745912632898,33.8745386642276,27.36647330954448,1.685364068202204,33.03924818010689,131.3183647447702
181.18553332929426,136.12960188628165,26.88958290114824,5.06301431084888,2.6649883100306018,66.88651233492749,157.0001750097327
87.73845583863411,353.1272894947162,5.140013098199584,23.21589121685977,1.7065804409590797,139.72195365057337,222.86051493735926
191.00318327624888,398.60704829835396,74.28775543835965,2.497565385714073,1.650221735553295,109.45905410173765,296.05502180536695
128.72937913545974,159.95762159260238,96.8503224809321,78.31167339043482,0.6668282010683596,68.64930747100861,203.04787752110175
170.09368244707426,190.47203976272618,26.30788091207928,77.32828236594031,0.5820651499498103,82.41810376560348,198.7668647224376
136.47669344924185,294.38695651704006,67.98948322132513,32.822113202839795,2.757818538234991,21.78982156479377,261.5185775507806
95.39507026715613,356.7543965767283,75.48015106107793,58.812926638492385,1.0507307766650988,147.84062549265585,279.6859519688602
285.05145901902546,245.35684699097797,85.60041101359985,28.97287567601315,1.1790385393923983,103.29702265728865,301.2057050002032
231.44568030633064,168.77976530757516,45.14977371629287,54.34526625270613,2.303488609442326,49.95656958487915,240.25721778994568
50.63282097227124,176.79629952247703,33.77843603584078,64.82354335758637,1.0825880990261414,92.0131751901342,161.4421822574933
261.8557130103947,284.3348956687866,35.903037732187954,75.84698708599478,2.860981095253108,25.327531249659156,296.17903471457123
151.35504749235895,21.2229401696259,72.69902664435872,33.21655751627442,2.239990530096521,145.2171336330617,201.06227830333233
269.4201457992865,255.44394823473945,82.59404931803543,63.09724267057172,1.8325448034629181,34.46989830367123,291.1300213639705
241.9580242247214,155.0873439677158,22.25332693687725,22.742419149305267,2.6545959655797824,100.72424452772998,219.93841045738296
133.3119162960777,321.794985885292,40.23939577498769,79.24591969590458,0.24385713421349997,44.36362475545026,236.26318742961627
16.516099412834045,55.33644313279022,90.68431869116925,4.010028703619389,0.8454818073487053,110.458593570795,113.9533095407559
87.91643422163436,243.5168614403884,81.63588437100023,49.07524690708743,1.4486053692406389,118.75499141363935,241.00553857278965
167.0739222516514,202.76969815672703,98.56154826243521,53.44146656880351,0.758237764467411,104.27876204760057,239.03233739626734
193.70868374958272,264.08369984398644,76.65358466979767,55.66755345178205,2.2573250431762406,96.02992443572695,283.0525879121994
84.78742877562867,44.64436590352797,42.353544097652616,11.390231145548944,2.765703290055803,134.94567315328163,137.66607744572974
50.413261481119,240.39383922268988,61.11059422949059,75.20532311090417,1.3289333477996779,21.007739538566128,190.76164939134506
252.12976867179674,233.36414342461902,67.79635415349543,16.13229576590646,1.0921845403244954,56.32806720922733,232.4680230478798
295.4766324040301,233.05083587814497,12.453302550126775,50.5747654527076,2.8884971231989423,44.760247148318435,268.2684400495836
162.45015286777888,249.32531330665282,56.72721111486718,19.368734171600625,1.3900720551998684,148.321954689159,219.6512820103767
59.786992896008016,277.0578161460177,72.3854787048979,25.96288052765913,1.5182403613029214,64.51456915336229,206.0606210711057
88.969124690617,325.8958198786925,20.895523880100736,44.6237662547937,1.1197846297915257,112.56577789365582,214.68141171851235
15.333296198765353,122.53187364872144,79.16001315542793,34.541086648036966,2.737690571735201,105.86152294334065,152.59446765125054
275.1466539025447,333.5187758684236,60.4584141488406,14.49759687616749,1.7499709015173672,39.69137324683288,301.16483687606586
44.14781403814093,209.33715926011237,95.4610696412715,15.333039388826167,2.3103063028267696,43.45967522961718,213.7241157249896
177.18977789913353,49.282146071045844,9.030118329654712,34.615293476698376,2.4542394832175702,49.379838897424776,155.5358966122211
89.47601399928973,42.2493531127121,30.205983067769363,61.06807230548905,1.0913622215600487,67.5578189563131,120.59369203935259
170.7116207295801,147.0105611045031,62.14761853348329,72.04124245412751,1.3577135608291022,42.80550919107375,242.86712013101845
198.91191262204063,318.26085130235765,33.173191659563415,8.561957656231861,2.5605681457781673,12.751207584558692,226.99699298393668
250.62512307508848,288.918755201548,72.87029558676801,32.66210478963328,1.1534405198598499,133.11502795300737,291.10458359456743
69.86216881057493,319.67368657551447,77.10550183958344,9.819153970384377,2.4024118870103686,145.18537639332376,241.88932789596606
13.188790310959337,216.56224144781157,14.739016586315072,3.294213489342635,2.8288777354658676,57.81985418441951,148.18331832858362
49.69683271995411,187.2756192230864,53.816174099642936,53.61405724622862,1.9073100818972202,57.3909631195662,178.84338554144705
271.00540613595047,76.0319601483879,53.34460278115031,48.99105647339385,2.250719133610478,10.992853788411939,218.68705920823868
263.4281224931294,144.7132463715384,40.0816731704764,14.715490877561123,2.434782204919291,105.23509636625236,228.24888089293998
183.2497996293894,184.9273591460726,93.62786194411885,20.237400981259,2.5506149818002632,125.56158540480803,255.0268688581825
184.14988952575948,53.668163278254546,83.61310038795601,3.849204784272434,1.2456546797847083,30.525162050400443,156.5734464160893
202.86063561841408,103.83254203026027,71.2348912814155,67.12588204416349,0.2486640316103947,32.35328891140111,199.27676410165773
60.85767080080038,247.32561174422074,72.86103039482477,78.02586649178701,1.2654411865865447,120.61165499600129,218.73229032576833
275.17946431823833,299.55198341089215,48.863033662246316,12.565843869985883,2.05389306637386,96.28070476958025,270.66228189953017
131.4434522187012,399.37205432932086,92.4944795041747,20.055066673693254,1.4060161187642992,16.28047806788038,274.81101350441776
121.11017319235427,374.5830659105519,70.98656558906211,69.73594286786086,2.271993137495156,97.15657866471943,286.81338739855585
160.48613453202287,264.1747758233728,74.25320085730256,74.26417624058242,1.1352490454591253,53.24848119812725,240.12795906625294
23.620130364765963,180.07426025174735,86.8606358597978,34.730935858931204,1.9407580092016856,61.62152176591843,172.70526281310842
58.22217693926303,261.74739858912847,31.036800987508144,5.948552836987782,0.6406174340765263,117.76239856156323,157.25490424657963
224.02974876364743,318.54761487048813,81.67173586733678,5.072563028039913,2.273171366270375,123.53092697416548,278.0545956341258
34.01161369828668,64.96775255088718,23.547857280866744,46.768089553382815,1.682518309557775,66.04992775757628,112.37196725593179
184.91411174525257,175.76385808458954,37.80748546326434,32.64581849366796,0.6917867267851416,142.60141104088967,194.12771007132292
81.15124180758308,339.1248685415345,36.882993155635056,4.234889351057053,0.946542403143641,66.90478051329012,203.13457809612368
122.8957280721732,165.85652173455674,97.95991949696835,47.49368660037943,2.270965254887314,118.05704493221539,244.35353567812717
93.72118366350296,237.31146306633087,86.37103625605305,2.881597853943753,1.49954358341841,77.74281703899626,195.9880503238864
113.14508777483525,243.35235712763532,71.61113685107468,63.415012735643295,0.7264911771399094,135.65452571309177,223.51452582323464
218.52331250343119,90.10097619078296,74.07039235346207,25.901760170862982,2.905086452073863,137.08657411102502,241.7766678837928
96.16529753072075,157.6494678278696,58.39691546824425,5.140124234720104,2.173862557468975,22.238353101951738,166.55268715721365
174.2573456861002,147.1142897219342,94.97361337530931,47.89147323668596,2.8756910143654086,141.1090663834316,265.86936704086435
148.0546166377389,29.954749242184622,52.14458152382435,33.01938432577826,1.3386046315449953,125.57487781285819,159.02716946931267
202.46463795516797,29.19287027871499,41.14918243763998,77.95643224185766,1.4777909880059894,120.78350000377336,200.318709578218
281.6806244041798,336.0448765967939,20.488357008501147,44.44749567528877,2.7040701269365557,38.12758755597314,290.15045488632865
222.44590819097257,123.76690778966872,79.68953696480051,23.468656120886646,1.6226430867116155,122.71668922565308,231.10741072998778
72.33270979131946,216.86993117074988,74.77217354718118,57.33623144145003,2.151108844526435,129.01858285590515,204.73790796681396
19.043109167772556,133.51571796373378,41.51372865979281,23.176376198331482,0.8313013447370369,50.48104682358113,116.47137619556605
86.05657284694928,377.4581131438294,7.393374326126789,72.53097672979008,1.3955067592376575,143.31641097072531,240.9454374284272
182.5725999030739,118.53276836899403,84.70474613321102,31.228313699575363,0.45800461085002986,16.980420495882996,177.55746982323478
24.913485910432602,183.26958884079534,6.084708428136995,44.88974789654401,0.6973421040431889,30.987295454599554,126.68691048668597
153.94621168835855,351.6374951841487,71.85147906475984,5.944702098289851,0.10273590427613016,85.261359327212,232.6164469520971
183.08442618589788,339.9347553808873,97.17442542397542,35.237456560274,0.2138686497811147,90.61094595712336,262.106363841537
106.93072833691863,90.71853878158538,46.57782617407933,66.9243560935576,2.934123087213095,100.32101166212648,204.04014957579577
233.56453908628836,325.00445772237,27.322473474615514,64.84060681834067,0.8028257158966107,12.375678104165305,258.23894396954086
40.913493408793826,194.1110169603992,71.96274595412126,19.496847590575047,2.0236010575616055,144.45134844709824,190.7148592270835
31.78995670338454,203.52817139243498,82.62717349148059,19.63416753882389,2.5333891265188737,16.24233298278016,170.15956941120783
221.17473929904497,70.72238951805863,56.91088002739549,65.74981435263247,1.6969153317860364,30.028673381276334,212.67246965861528
153.69248169979755,50.62857522770737,96.86835114933389,74.5710767732074,0.544119050243473,11.962032453647977,180.008723666606
209.63669496404344,296.61693665003077,9.908528557506305,9.438151859294276,2.2115376682748824,89.36018066117326,240.10846771759387
136.09992819508642,208.6552378950139,52.95558183893017,37.10457387524557,1.8407290892887909,140.5173637489361,204.02714323653234
81.45658963934098,186.00326699376822,73.25312499564225,28.32143375920986,2.2206267091073877,103.23260325126499,196.11339448792904
247.5396721255179,297.21312688791073,86.950844759172,69.91369952568027,2.3322652062855527,125.17204558725982,352.5471017247409
241.830604901004,310.8949016166217,22.029283131240053,8.514943345041464,2.928690066285761,11.859368484201212,246.10730413377652
211.46197654778376,80.38510371435436,81.00033076754974,18.467823519526917,1.763333512077459,85.88214178716164,204.12248001737547
88.92208979668918,251.8855568015037,57.5071721932618,60.69253033174656,1.0907592268027453,74.33881685077307,202.7346098286532
181.16689339203526,71.4345512655205,42.67259978904651,6.000920220534816,1.9805472150106875,79.85551219091103,156.03239202462169
114.68243011260778,305.5225326910374,17.512927715013888,40.417759695714565,0.2984780568036158,20.109845946926313,154.6627006083769
36.558801264723904,269.64295938151304,87.20309709634668,36.484348705018164,2.7024522231326005,105.82095054970304,225.4755504023541
276.0209368840504,383.513556011714,19.94095477707296,28.083291961122395,0.4462049328807707,80.45085808020882,275.6105002540092
49.6774029664988,46.204046215440044,34.429846624864425,32.776640594876056,1.050744229868873,117.12083898057696,109.43868388235019
285.5688326080327,41.680794037476645,32.554325536431506,43.33536578055817,2.4656616038157506,77.94068876864014,219.05632565807952
139.34167415780718,127.23108838341605,87.78433324813116,14.586653954293883,1.8322058971590642,30.91342907170049,187.96610608440326
